category,count,dynasty,book_name,url,author
本草,63,三国,吴普本草,https://qihuang.vip/book-1.html,三国·魏·吴普
本草,63,南北朝,本草经集注,https://qihuang.vip/book-2.html,南朝·梁·陶弘景
本草,63,南北朝,名医别录,https://qihuang.vip/book-3.html,南朝·梁·陶弘景
本草,63,唐,新修本草,https://qihuang.vip/book-4.html,唐·苏敬等20余人编写
本草,63,唐,食疗本草,https://qihuang.vip/book-5.html,唐·孟诜
本草,63,五代十国,海药本草,https://qihuang.vip/book-6.html,五代十国·前蜀·李珣
本草,63,宋,本草图经,https://qihuang.vip/book-7.html,北宋·苏颂
本草,63,宋,证类本草,https://qihuang.vip/book-8.html,北宋·唐慎微
本草,63,宋,本草衍义,https://qihuang.vip/book-9.html,北宋·寇宗奭
本草,63,元,汤液本草,https://qihuang.vip/book-10.html,元·王好古
本草,63,元,饮膳正要,https://qihuang.vip/book-11.html,元·忽思慧
本草,63,元,增广和剂局方药性总论,https://qihuang.vip/book-620.html,元·佚名
本草,63,明,本草发挥,https://qihuang.vip/book-619.html,明·徐用诚
本草,63,明,滇南本草,https://qihuang.vip/book-12.html,明·兰茂
本草,63,明,本草品汇精要,https://qihuang.vip/book-941.html,明·刘文泰等
本草,63,明,食物本草,https://qihuang.vip/book-625.html,明·薛己
本草,63,明,本草约言,https://qihuang.vip/book-627.html,明·薛己
本草,63,明,本草蒙筌,https://qihuang.vip/book-13.html,明·陈嘉谟
本草,63,明,本草纲目,https://qihuang.vip/book-15.html,明·李时珍
本草,63,明,本草纲目别名录,https://qihuang.vip/book-16.html,明·李时珍
本草,63,明,药性歌括四百味,https://qihuang.vip/book-1095.html,明·龚廷贤
本草,63,明,炮炙大法,https://qihuang.vip/book-561.html,明·缪希雍
本草,63,明,本草正,https://qihuang.vip/book-622.html,明·张景岳
本草,63,明,本草汇言,https://qihuang.vip/book-624.html,明·倪朱谟
本草,63,明,神农本草经疏,https://qihuang.vip/book-621.html,明·缪希雍
本草,63,明,本草通玄,https://qihuang.vip/book-623.html,明·李中梓
本草,63,明,本草乘雅半偈,https://qihuang.vip/book-17.html,明·卢之颐
本草,63,明,本草征要,https://qihuang.vip/book-18.html,明·李中梓
本草,63,清,本草崇原,https://qihuang.vip/book-19.html,清·张志聪
本草,63,清,本草择要纲目,https://qihuang.vip/book-20.html,清·蒋介繁
本草,63,清,本草详节,https://qihuang.vip/book-626.html,清·闵钺
本草,63,清,本草备要,https://qihuang.vip/book-21.html,清·汪昂
本草,63,清,本草易读,https://qihuang.vip/book-22.html,清·汪昂
本草,63,清,本经逢原,https://qihuang.vip/book-23.html,清·张璐
本草,63,清,本草新编,https://qihuang.vip/book-24.html,清·陈士铎
本草,63,清,本草经解,https://qihuang.vip/book-25.html,清·叶天士
本草,63,清,神农本草经百种录,https://qihuang.vip/book-26.html,清·徐大椿
本草,63,清,药性切用,https://qihuang.vip/book-27.html,清·徐大椿
本草,63,清,长沙药解,https://qihuang.vip/book-558.html,清·黄元御
本草,63,清,玉楸药解,https://qihuang.vip/book-559.html,清·黄元御
本草,63,清,本草从新,https://qihuang.vip/book-28.html,清·吴仪洛
本草,63,清,得配本草,https://qihuang.vip/book-29.html,清·严洁、施雯、洪炜
本草,63,清,本草纲目拾遗,https://qihuang.vip/book-30.html,清·赵学敏
本草,63,清,本草求真,https://qihuang.vip/book-524.html,清·黄宫绣
本草,63,清,要药分剂,https://qihuang.vip/book-628.html,清·沈金鳌
本草,63,清,神农本草经,https://qihuang.vip/book-31.html,清·孙星衍
本草,63,清,神农本草经读,https://qihuang.vip/book-32.html,清·陈修园
本草,63,清,饮食辨录,https://qihuang.vip/book-1159.html,清·章穆
本草,63,清,本草述钩元,https://qihuang.vip/book-525.html,清·杨时泰
本草,63,清,本草分经,https://qihuang.vip/book-33.html,清·姚澜
本草,63,清,神农本草经赞,https://qihuang.vip/book-34.html,清·叶志诜
本草,63,清,食鉴本草,https://qihuang.vip/book-14.html,清·费伯雄
本草,63,清,本草衍句,https://qihuang.vip/book-758.html,清·黄光霁
本草,63,清,本草撮要,https://qihuang.vip/book-35.html,清·陈其瑞
本草,63,清,本草便读,https://qihuang.vip/book-36.html,清·张秉成
本草,63,清,本草问答,https://qihuang.vip/book-37.html,清·唐宗海
本草,63,清,本草害利,https://qihuang.vip/book-38.html,清·凌奂
本草,63,清,药论,https://qihuang.vip/book-629.html,清·沈文彬
本草,63,清,本草思辨录,https://qihuang.vip/book-39.html,清·周岩
本草,63,近代,本草正义,https://qihuang.vip/book-630.html,近代·张寿颐
本草,63,近代,增订伪药条辨,https://qihuang.vip/book-631.html,近代·曹炳章
本草,63,未分,炮炙全书,https://qihuang.vip/book-632.html,日本·稻生宣义
本草,63,未分,袖珍本草隽,https://qihuang.vip/book-1160.html,日本·伊豫平住
方药,157,周,五十二病方,https://qihuang.vip/book-40.html,战国时代·作者未知
方药,157,汉,华佗神方,https://qihuang.vip/book-41.html,东汉·华佗
方药,157,东晋,肘后备急方,https://qihuang.vip/book-42.html,东晋·葛洪
方药,157,南北朝,小品方,https://qihuang.vip/book-43.html,南朝·宋齐间·陈延之
方药,157,南北朝,雷公炮炙论,https://qihuang.vip/book-44.html,南朝·宋·雷敩
方药,157,南北朝,刘涓子鬼遗方,https://qihuang.vip/book-45.html,南朝·齐·龚庆宣
方药,157,南北朝,集验方,https://qihuang.vip/book-46.html,北朝·北周·姚僧垣
方药,157,唐,千金要方,https://qihuang.vip/book-47.html,唐·孙思邈
方药,157,唐,千金翼方,https://qihuang.vip/book-48.html,唐·孙思邈
方药,157,唐,孙真人海上方,https://qihuang.vip/book-49.html,唐·孙思邈
方药,157,唐,外台秘要,https://qihuang.vip/book-50.html,唐·王焘
方药,157,唐,千金宝要,https://qihuang.vip/book-51.html,唐·孙思邈
方药,157,宋,太平圣惠方,https://qihuang.vip/book-52.html,北宋·王怀隐等
方药,157,宋,博济方,https://qihuang.vip/book-53.html,北宋·王衮
方药,157,宋,苏沈良方,https://qihuang.vip/book-54.html,北宋·苏轼、沈括
方药,157,宋,史载之方,https://qihuang.vip/book-55.html,北宋·史堪
方药,157,宋,旅舍备要方,https://qihuang.vip/book-674.html,北宋·董汲
方药,157,宋,脚气治法总要,https://qihuang.vip/book-847.html,北宋·董汲
方药,157,宋,全生指迷方,https://qihuang.vip/book-56.html,北宋·王贶
方药,157,宋,普济本事方,https://qihuang.vip/book-57.html,南宋·许叔微
方药,157,宋,鸡峰普济方,https://qihuang.vip/book-572.html,南宋·张锐
方药,157,宋,太平惠民和剂局方,https://qihuang.vip/book-58.html,南宋·太平惠民和剂局
方药,157,宋,类证普济本事方续集,https://qihuang.vip/book-796.html,北宋·许叔微
方药,157,宋,洪氏集验方,https://qihuang.vip/book-59.html,南宋·洪遵
方药,157,宋,杨氏家藏方,https://qihuang.vip/book-575.html,南宋·杨倓
方药,157,宋,传信适用方,https://qihuang.vip/book-634.html,南宋·吴彦夔
方药,157,宋,叶氏录验方,https://qihuang.vip/book-684.html,南宋·叶大廉
方药,157,宋,是斋百一选方,https://qihuang.vip/book-574.html,南宋·王璆
方药,157,宋,温隐居海上仙方,https://qihuang.vip/book-683.html,南宋·温大明
方药,157,宋,活人事证方后集,https://qihuang.vip/book-635.html,南宋·刘信甫
方药,157,宋,严氏济生方,https://qihuang.vip/book-576.html,南宋·严用和
方药,157,宋,仁斋直指方论,https://qihuang.vip/book-573.html,南宋·杨士瀛
方药,157,宋,类编朱氏集验医方,https://qihuang.vip/book-636.html,南宋·朱佐
方药,157,宋,岭南卫生方,https://qihuang.vip/book-637.html,南宋·释继洪
方药,157,宋,圣济总录,https://qihuang.vip/book-60.html,北宋·宋徽宗
方药,157,金,珍珠囊补遗药性赋,https://qihuang.vip/book-61.html,金·李东垣
方药,157,元,御药院方,https://qihuang.vip/book-633.html,元·许国祯
方药,157,元,瑞竹堂经验方,https://qihuang.vip/book-560.html,元· 萨迁
方药,157,元,世医得效方,https://qihuang.vip/book-577.html,元·危亦林
方药,157,元,葛可久十药神书歌诀,https://qihuang.vip/book-846.html,元·葛可久
方药,157,元,增订十药神书,https://qihuang.vip/book-62.html,元·葛乾孙
方药,157,明,普济方,https://qihuang.vip/book-1163.html,明·朱橚
方药,157,明,卫生易简方,https://qihuang.vip/book-63.html,明·胡濙
方药,157,明,金镜内台方议,https://qihuang.vip/book-644.html,明·许宏
方药,157,明,奇效良方,https://qihuang.vip/book-639.html,明·董宿、方贤
方药,157,明,医方选要,https://qihuang.vip/book-643.html,明·周文采
方药,157,明,外科经验方,https://qihuang.vip/book-677.html,明·薛己
方药,157,明,扶寿精方,https://qihuang.vip/book-642.html,明·吴旻
方药,157,明,急救良方,https://qihuang.vip/book-64.html,明·张时彻
方药,157,明,种杏仙方,https://qihuang.vip/book-693.html,明·龚廷贤
方药,157,明,仁术便览,https://qihuang.vip/book-65.html,明·张洁
方药,157,明,医方考,https://qihuang.vip/book-66.html,明·吴昆
方药,157,明,濒湖炮炙法,https://qihuang.vip/book-67.html,明·李时珍
方药,157,明,鲁府禁方,https://qihuang.vip/book-640.html,明·龚廷贤
方药,157,明,应急良方,https://qihuang.vip/book-689.html,明·胡文焕
方药,157,明,药鉴,https://qihuang.vip/book-68.html,明·杜文燮
方药,157,明,证治准绳·类方,https://qihuang.vip/book-69.html,明·王肯堂
方药,157,明,万氏家抄济世良方,https://qihuang.vip/book-645.html,明·万表
方药,157,明,医便,https://qihuang.vip/book-641.html,明·张受孔
方药,157,明,医方捷径,https://qihuang.vip/book-646.html,明·王宗显
方药,157,明,雷公炮制药性解,https://qihuang.vip/book-70.html,明·李士材
方药,157,明,本草单方,https://qihuang.vip/book-694.html,明·缪希雍
方药,157,明,虺后方,https://qihuang.vip/book-765.html,明·喻政
方药,157,明,祖剂,https://qihuang.vip/book-76.html,明·施沛
方药,157,明,绛雪丹书,https://qihuang.vip/book-638.html,明·赵贞观
方药,157,明,儒医心镜,https://qihuang.vip/book-655.html,明·佚名
方药,157,明,菉竹堂集验方,https://qihuang.vip/book-698.html,明·罗浮山人
方药,157,清,秘方集验,https://qihuang.vip/book-658.html,清·王梦兰
方药,157,清,大小诸证方论,https://qihuang.vip/book-71.html,清·傅山
方药,157,清,古今名医方论,https://qihuang.vip/book-563.html,清·罗美
方药,157,清,济世神验良方,https://qihuang.vip/book-72.html,清·作者未知
方药,157,清,医方集解,https://qihuang.vip/book-565.html,清·汪昂
方药,157,清,傅氏杂方,https://qihuang.vip/book-663.html,清·傅山
方药,157,清,傅氏验方秘方,https://qihuang.vip/book-695.html,清·傅山
方药,157,清,汤头歌诀,https://qihuang.vip/book-73.html,清·汪昂
方药,157,清,医通祖方,https://qihuang.vip/book-652.html,清·张璐
方药,157,清,经验丹方汇编,https://qihuang.vip/book-74.html,清·钱峻
方药,157,清,良朋汇集经验神方,https://qihuang.vip/book-697.html,清·孙伟
方药,157,清,灵药秘方,https://qihuang.vip/book-761.html,清·师成子
方药,157,清,奇方类编,https://qihuang.vip/book-75.html,清·吴世昌
方药,157,清,灵验良方汇编,https://qihuang.vip/book-700.html,清·田间来
方药,157,清,村居救急方,https://qihuang.vip/book-794.html,清·魏祖清
方药,157,清,绛雪园古方选注,https://qihuang.vip/book-566.html,清·王子接
方药,157,清,删补名医方论,https://qihuang.vip/book-506.html,清·吴谦
方药,157,清,绛囊撮要,https://qihuang.vip/book-579.html,清·云川道人
方药,157,清,吴氏医方汇编,https://qihuang.vip/book-681.html,清·吴杖仙
方药,157,清,类证普济本事方释义,https://qihuang.vip/book-660.html,清·叶天士
方药,157,清,种福堂公选良方,https://qihuang.vip/book-564.html,清·华岫云
方药,157,清,串雅内外编,https://qihuang.vip/book-567.html,清·赵学敏
方药,157,清,惠直堂经验方,https://qihuang.vip/book-568.html,清·陶承熹
方药,157,清,串雅补,https://qihuang.vip/book-672.html,清·鲁照
方药,157,清,成方切用,https://qihuang.vip/book-77.html,清·吴仪洛
方药,157,清,文堂集验方,https://qihuang.vip/book-78.html,清·何英
方药,157,清,回生集,https://qihuang.vip/book-79.html,清·陈杰
方药,157,清,疯门全书,https://qihuang.vip/book-80.html,清·萧晓亭
方药,157,清,神仙济世良方,https://qihuang.vip/book-673.html,清·柏鹤亭
方药,157,清,时方歌括,https://qihuang.vip/book-81.html,清·陈修园
方药,157,清,长沙方歌括,https://qihuang.vip/book-82.html,清·陈修园
方药,157,清,时方妙用,https://qihuang.vip/book-83.html,清·陈修园
方药,157,清,急救广生集,https://qihuang.vip/book-84.html,清·程鹏程
方药,157,清,益世经验良方,https://qihuang.vip/book-687.html,清·盛景云
方药,157,清,古方汇精,https://qihuang.vip/book-569.html,清·爱虚老人
方药,157,清,金匮方歌括,https://qihuang.vip/book-85.html,清·陈修园
方药,157,清,经验奇方,https://qihuang.vip/book-86.html,清·刘一明
方药,157,清,救生集,https://qihuang.vip/book-657.html,清·虚白主人
方药,157,清,临证一得方,https://qihuang.vip/book-682.html,清·朱费元
方药,157,清,喻选古方试验,https://qihuang.vip/book-649.html,清·喻昌
方药,157,清,十剂表,https://qihuang.vip/book-647.html,清·包诚
方药,157,清,验方新编,https://qihuang.vip/book-578.html,清·鲍相璈
方药,157,清,春脚集,https://qihuang.vip/book-679.html,清·孟文瑞
方药,157,清,急救便方,https://qihuang.vip/book-671.html,清·文晟
方药,157,清,校订愿体医话良方,https://qihuang.vip/book-692.html,清·王士雄
方药,157,清,家用良方,https://qihuang.vip/book-1123.html,清·龚自璋
方药,157,清,鸡鸣录,https://qihuang.vip/book-678.html,清·王士雄
方药,157,清,行军方便便方,https://qihuang.vip/book-762.html,清·罗世瑶
方药,157,清,潜斋简效方,https://qihuang.vip/book-690.html,清·王士雄
方药,157,清,四科简效方,https://qihuang.vip/book-691.html,清·王士雄
方药,157,清,重订痧疫指迷,https://qihuang.vip/book-763.html,清·费养庄
方药,157,清,增订医方歌诀,https://qihuang.vip/book-87.html,清·王旭高
方药,157,清,医方歌括,https://qihuang.vip/book-88.html,清·王旭高
方药,157,清,经验良方全集,https://qihuang.vip/book-685.html,清·姚俊
方药,157,清,医方论,https://qihuang.vip/book-89.html,清·费伯雄
方药,157,清,经验选秘,https://qihuang.vip/book-696.html,清·胡增彬
方药,157,清,医方拾锦,https://qihuang.vip/book-686.html,清·田绵淮
方药,157,清,外治寿世方,https://qihuang.vip/book-570.html,清·邹存淦
方药,157,清,奇效简便良方,https://qihuang.vip/book-562.html,清·丁尧臣
方药,157,清,不知医必要,https://qihuang.vip/book-651.html,清·梁廉夫
方药,157,清,疟痢成法,https://qihuang.vip/book-850.html,清·王裕庆
方药,157,清,医方简义,https://qihuang.vip/book-571.html,清·王清源
方药,157,清,经方例释,https://qihuang.vip/book-659.html,清·莫枚士
方药,157,清,痢症三字诀,https://qihuang.vip/book-855.html,清·唐宗海
方药,157,清,世补斋不谢方,https://qihuang.vip/book-656.html,清·陆懋修
方药,157,清,疑难急症简方,https://qihuang.vip/book-676.html,清·罗越峰
方药,157,清,退思集类方歌注,https://qihuang.vip/book-90.html,清·王旭高
方药,157,清,医方证治汇编歌诀,https://qihuang.vip/book-91.html,清·王旭高
方药,157,清,成方便读,https://qihuang.vip/book-662.html,清·张秉成
方药,157,清,癫狂条辨,https://qihuang.vip/book-848.html,清·郭传铃
方药,157,清,太医院秘藏膏丹丸散方剂,https://qihuang.vip/book-648.html,清·清太医院
方药,157,清,医方絜度,https://qihuang.vip/book-654.html,清·钱敏捷
方药,157,清,诊验医方歌括,https://qihuang.vip/book-661.html,清·坐啸山人
方药,157,近代,䱐溪秘传简验方,https://qihuang.vip/book-699.html,近代·陆锦燧
方药,157,近代,历验再寿编,https://qihuang.vip/book-759.html,近代·童月轩
方药,157,近代,本草简要方,https://qihuang.vip/book-675.html,近代·张宗祥
方药,157,近代,丁甘仁先生家传珍方,https://qihuang.vip/book-653.html,近代·丁甘仁
方药,157,近代,食疗方,https://qihuang.vip/book-94.html,现代·陈邦贤
方药,157,未分,医心方,https://qihuang.vip/book-1114.html,日本·丹波康赖
方药,157,未分,医略抄,https://qihuang.vip/book-726.html,日本·丹波雅忠
方药,157,未分,方机,https://qihuang.vip/book-667.html,日本·吉益东洞
方药,157,未分,类聚方,https://qihuang.vip/book-666.html,日本·吉益为则
方药,157,未分,药征,https://qihuang.vip/book-92.html,日本·吉益为则
方药,157,未分,家塾方与方极,https://qihuang.vip/book-670.html,日本·吉益为则
方药,157,未分,名家方选,https://qihuang.vip/book-669.html,日本·山田元伦
方药,157,未分,药征续编,https://qihuang.vip/book-93.html,日本·村井椿
方药,157,未分,救急选方,https://qihuang.vip/book-668.html,日本·丹波元简
方药,157,未分,脚气钩要,https://qihuang.vip/book-854.html,日本·金邨亮
方药,157,未分,方剂辞典,https://qihuang.vip/book-665.html,日本·水走嘉言
方药,157,未分,秘传大麻疯方,https://qihuang.vip/book-845.html,朝代未知·佚名
四诊,44,西晋,脉经,https://qihuang.vip/book-95.html,西晋·王叔和
四诊,44,宋,脉诀,https://qihuang.vip/book-195.html,南宋·崔嘉彦
四诊,44,宋,察病指南,https://qihuang.vip/book-96.html,南宋·施发
四诊,44,元,脉诀指掌病式图说,https://qihuang.vip/book-604.html,元·朱震亨
四诊,44,元,诊家枢要,https://qihuang.vip/book-97.html,元·滑寿
四诊,44,元,脉诀刊误,https://qihuang.vip/book-207.html,元·戴启宗
四诊,44,明,濒湖脉学,https://qihuang.vip/book-98.html,明·李时珍
四诊,44,明,脉语,https://qihuang.vip/book-616.html,明·吴昆
四诊,44,明,太素心要,https://qihuang.vip/book-1143.html,明·胡文焕
四诊,44,明,脉诀考证,https://qihuang.vip/book-219.html,明·李时珍
四诊,44,明,诊家正眼,https://qihuang.vip/book-99.html,明·李中梓
四诊,44,明,订正太素脉秘诀,https://qihuang.vip/book-230.html,明·张太素
四诊,44,明,脉理集要,https://qihuang.vip/book-608.html,明·汪宦
四诊,44,清,医灯续焰,https://qihuang.vip/book-100.html,清·王绍隆、潘楫
四诊,44,清,脉诀汇辨,https://qihuang.vip/book-236.html,清·李延昰
四诊,44,清,脉诀阐微,https://qihuang.vip/book-615.html,清·陈士铎
四诊,44,清,诊宗三昧,https://qihuang.vip/book-101.html,清·张璐
四诊,44,清,脉贯,https://qihuang.vip/book-610.html,清·王贤
四诊,44,清,四诊抉微,https://qihuang.vip/book-599.html,清·林之瀚
四诊,44,清,四诊心法要诀,https://qihuang.vip/book-518.html,清·吴谦
四诊,44,清,脉确,https://qihuang.vip/book-251.html,清·黄韫兮
四诊,44,清,医学脉灯,https://qihuang.vip/book-607.html,清·常朝宣
四诊,44,清,诸脉主病诗,https://qihuang.vip/book-548.html,清·沈金鳖
四诊,44,清,脉理求真,https://qihuang.vip/book-256.html,清·黄宫绣
四诊,44,清,脉象统类,https://qihuang.vip/book-258.html,清·沈金鳖
四诊,44,清,医学指要,https://qihuang.vip/book-601.html,清·蔡贻绩
四诊,44,清,三指禅,https://qihuang.vip/book-102.html,清·周学霆
四诊,44,清,脉学类编,https://qihuang.vip/book-609.html,清·玄庵山人
四诊,44,清,望诊遵经,https://qihuang.vip/book-103.html,清·汪宏
四诊,44,清,脉诀乳海,https://qihuang.vip/book-283.html,清·王邦傅
四诊,44,清,脉义简摩,https://qihuang.vip/book-612.html,清·周学海
四诊,44,清,辨脉平脉章句,https://qihuang.vip/book-614.html,清·周学海
四诊,44,清,脉简补义,https://qihuang.vip/book-613.html,清·周学海
四诊,44,清,形色外诊简摩,https://qihuang.vip/book-104.html,清·周学海
四诊,44,清,诊脉三十二辨,https://qihuang.vip/book-285.html,清·管玉衡
四诊,44,清,重订诊家直诀,https://qihuang.vip/book-602.html,清·周学海
四诊,44,清,脉经钞,https://qihuang.vip/book-605.html,清·孙鼎宜
四诊,44,清,丹溪脉诀指掌,https://qihuang.vip/book-756.html,清·刘吉人
四诊,44,清,察舌辨症新法,https://qihuang.vip/book-105.html,清·刘恒瑞
四诊,44,近代,临症验舌法,https://qihuang.vip/book-106.html,近代·杨云峰
四诊,44,近代,辨舌指南,https://qihuang.vip/book-618.html,近代·曹炳章
四诊,44,近代,脉诀新编,https://qihuang.vip/book-606.html,近代·刘本昌
四诊,44,近代,舌诊问答,https://qihuang.vip/book-617.html,近代·何舒
四诊,44,未分,脉学辑要,https://qihuang.vip/book-611.html,日本·丹波元简
医经,150,汉,难经,https://qihuang.vip/book-107.html,西汉·扁鹊
医经,150,汉,难经<注解版>,https://qihuang.vip/book-108.html,西汉·扁鹊
医经,150,汉,马王堆简帛,https://qihuang.vip/book-755.html,西汉·佚名
医经,150,汉,伤寒论,https://qihuang.vip/book-109.html,东汉·张仲景
医经,150,汉,伤寒论<条文注解版>,https://qihuang.vip/book-110.html,东汉·张仲景
医经,150,汉,金匮要略,https://qihuang.vip/book-111.html,东汉·张仲景
医经,150,汉,金匮玉函经,https://qihuang.vip/book-747.html,东汉·张仲景
医经,150,汉,伤寒杂病论<桂林古本>,https://qihuang.vip/book-766.html,东汉·张仲景
医经,150,汉,古本康平伤寒论,https://qihuang.vip/book-767.html,东汉·张仲景
医经,150,唐,黄帝内经太素,https://qihuang.vip/book-112.html,唐·杨上善
医经,150,唐,黄帝内经·素问,https://qihuang.vip/book-113.html,唐·王冰
医经,150,唐,黄帝内经·灵枢,https://qihuang.vip/book-114.html,南宋·史崧
医经,150,唐,重广补注黄帝内经素问,https://qihuang.vip/book-580.html,南宋·王冰
医经,150,唐,素问六气玄珠密语,https://qihuang.vip/book-753.html,南宋·王冰
医经,150,唐,灵枢<条列版>,https://qihuang.vip/book-585.html,南宋·史崧
医经,150,宋,伤寒总病论,https://qihuang.vip/book-115.html,北宋·庞安石
医经,150,宋,类证活人书,https://qihuang.vip/book-116.html,北宋·朱肱
医经,150,宋,黄帝内经灵枢略,https://qihuang.vip/book-587.html,北宋·佚名
医经,150,宋,伤寒九十论,https://qihuang.vip/book-117.html,南宋·许叔微
医经,150,宋,伤寒百证歌,https://qihuang.vip/book-118.html,南宋·许叔微
医经,150,宋,伤寒发微论,https://qihuang.vip/book-119.html,南宋·许叔微
医经,150,宋,仲景伤寒补亡论,https://qihuang.vip/book-120.html,南宋·郭雍
医经,150,宋,黄帝内经素问遗篇,https://qihuang.vip/book-751.html,北宋·刘温舒
医经,150,金,注解伤寒论,https://qihuang.vip/book-121.html,金·成无已
医经,150,金,黄帝素问宣明论方,https://qihuang.vip/book-122.html,金·刘完素
医经,150,金,素问玄机原病式,https://qihuang.vip/book-123.html,金·刘完素
医经,150,金,素问病机气宜保命集,https://qihuang.vip/book-124.html,金·刘完素
医经,150,金,素问要旨论,https://qihuang.vip/book-125.html,金·刘完素
医经,150,金,伤寒直格,https://qihuang.vip/book-126.html,金·刘完素
医经,150,金,伤寒标本心法类萃,https://qihuang.vip/book-127.html,金·刘完素
医经,150,金,伤寒心镜别集,https://qihuang.vip/book-733.html,金·张从正
医经,150,金,河间伤寒心要,https://qihuang.vip/book-128.html,金·镏洪
医经,150,金,刘河间伤寒医鉴,https://qihuang.vip/book-129.html,金·马宗素
医经,150,元,伤寒钤法,https://qihuang.vip/book-769.html,元·马宗素
医经,150,元,敖氏伤寒金镜录,https://qihuang.vip/book-130.html,元·杜清碧
医经,150,元,难经本义,https://qihuang.vip/book-595.html,元·滑寿
医经,150,元,难经本义<条列版>,https://qihuang.vip/book-596.html,元·滑寿
医经,150,元,读素问钞,https://qihuang.vip/book-131.html,元·滑寿
医经,150,明,内经知要,https://qihuang.vip/book-132.html,明·李士材
医经,150,明,伤寒治例,https://qihuang.vip/book-743.html,明·刘纯
医经,150,明,伤寒六书,https://qihuang.vip/book-133.html,明·陶华
医经,150,明,难经集注,https://qihuang.vip/book-134.html,明·王惟一、王九思
医经,150,明,运气易览,https://qihuang.vip/book-593.html,明·汪机
医经,150,明,伤寒摘锦,https://qihuang.vip/book-742.html,明·万密斋
医经,150,明,黄帝内经灵枢注证发微,https://qihuang.vip/book-589.html,明·马莳
医经,150,明,素问心得,https://qihuang.vip/book-584.html,明·胡文焕
医经,150,明,灵枢心得,https://qihuang.vip/book-586.html,明·胡文焕
医经,150,明,伤寒论条辨,https://qihuang.vip/book-135.html,明·方有执
医经,150,明,素问吴注,https://qihuang.vip/book-582.html,明·吴昆
医经,150,明,伤寒明理论,https://qihuang.vip/book-136.html,明·成无己
医经,150,明,证治准绳·伤寒,https://qihuang.vip/book-137.html,明·王肯堂
医经,150,明,增订叶评伤暑全书,https://qihuang.vip/book-138.html,明·张鹤腾
医经,150,明,类经,https://qihuang.vip/book-139.html,明·张景岳
医经,150,明,类经图翼,https://qihuang.vip/book-140.html,明·张景岳
医经,150,明,伤寒括要,https://qihuang.vip/book-141.html,明·李中梓
医经,150,清,尚论篇,https://qihuang.vip/book-723.html,清·喻昌
医经,150,清,尚论后篇,https://qihuang.vip/book-724.html,清·喻昌
医经,150,清,伤寒缵论,https://qihuang.vip/book-142.html,清·张璐
医经,150,清,伤寒绪论,https://qihuang.vip/book-719.html,清·张璐
医经,150,清,伤寒兼证析义,https://qihuang.vip/book-734.html,清·张倬
医经,150,清,张卿子伤寒论,https://qihuang.vip/book-143.html,清·张卿子
医经,150,清,伤寒论注,https://qihuang.vip/book-144.html,清·柯琴
医经,150,清,伤寒论注来苏集,https://qihuang.vip/book-768.html,清·柯琴
医经,150,清,黄帝内经素问集注,https://qihuang.vip/book-145.html,清·张志聪
医经,150,清,黄帝内经灵枢集注,https://qihuang.vip/book-146.html,清·张志聪
医经,150,清,伤寒论翼,https://qihuang.vip/book-147.html,清·柯琴
医经,150,清,伤寒附翼,https://qihuang.vip/book-148.html,清·柯琴
医经,150,清,内经博议,https://qihuang.vip/book-149.html,清·罗美
医经,150,清,素问经注节解,https://qihuang.vip/book-150.html,清·姚止庵
医经,150,清,伤寒论辩证广注,https://qihuang.vip/book-151.html,清·汪琥
医经,150,清,中寒论辩证广注,https://qihuang.vip/book-152.html,清·汪琥
医经,150,清,金匮要略广注,https://qihuang.vip/book-748.html,清·李彣
医经,150,清,金匮玉函经二注,https://qihuang.vip/book-153.html,清·赵良仁、周扬俊
医经,150,清,素问灵枢类纂约注,https://qihuang.vip/book-154.html,清·汪昂
医经,150,清,黄帝素问直解,https://qihuang.vip/book-155.html,清·高世栻
医经,150,清,黄帝外经,https://qihuang.vip/book-598.html,清·陈士铎
医经,150,清,伤寒溯源集,https://qihuang.vip/book-156.html,清·钱潢
医经,150,清,伤寒大白,https://qihuang.vip/book-157.html,清·秦之桢
医经,150,清,伤寒经解,https://qihuang.vip/book-720.html,清·姚球
医经,150,清,难经经释,https://qihuang.vip/book-158.html,清·徐大椿
医经,150,清,伤寒贯珠集,https://qihuang.vip/book-159.html,清·尤怡
医经,150,清,金匮要略心典,https://qihuang.vip/book-160.html,清·尤怡
医经,150,清,古本难经阐注,https://qihuang.vip/book-161.html,清·丁锦
医经,150,清,订正仲景全书伤寒论注,https://qihuang.vip/book-507.html,清·吴谦
医经,150,清,订正仲景全书金匮要略注,https://qihuang.vip/book-508.html,清·吴谦
医经,150,清,伤寒心法要诀,https://qihuang.vip/book-509.html,清·吴谦
医经,150,清,伤寒悬解,https://qihuang.vip/book-549.html,清·黄元御
医经,150,清,四圣心源,https://qihuang.vip/book-554.html,清·黄元御
医经,150,清,金匮悬解,https://qihuang.vip/book-550.html,清·黄元御
医经,150,清,医经原旨,https://qihuang.vip/book-162.html,清·薛雪
医经,150,清,伤寒说意,https://qihuang.vip/book-556.html,清·黄元御
医经,150,清,灵枢悬解,https://qihuang.vip/book-551.html,清·黄元御
医经,150,清,素问悬解,https://qihuang.vip/book-552.html,清·黄元御
医经,150,清,难经悬解,https://qihuang.vip/book-553.html,清·黄元御
医经,150,清,伤寒论类方,https://qihuang.vip/book-163.html,清·徐大椿
医经,150,清,伤寒直指,https://qihuang.vip/book-746.html,清·强健
医经,150,清,医经读,https://qihuang.vip/book-164.html,清·沈又彭
医经,150,清,伤寒论纲目,https://qihuang.vip/book-255.html,清·沈金鳌
医经,150,清,伤寒瘟疫条辨,https://qihuang.vip/book-728.html,清·杨璿
医经,150,清,伤寒指掌,https://qihuang.vip/book-165.html,清·吴坤安
医经,150,清,金匮要略浅注,https://qihuang.vip/book-166.html,清·陈修园
医经,150,清,伤寒法祖,https://qihuang.vip/book-167.html,清·任越庵
医经,150,清,医效秘传,https://qihuang.vip/book-168.html,清·叶天士
医经,150,清,灵素节注类编,https://qihuang.vip/book-169.html,清·章楠
医经,150,清,伤寒寻源,https://qihuang.vip/book-170.html,清·吕震名
医经,150,清,内经辨言,https://qihuang.vip/book-754.html,清·俞樾
医经,150,清,伤寒医诀串解,https://qihuang.vip/book-171.html,清·陈修园
医经,150,清,六因条辨,https://qihuang.vip/book-172.html,清·陆廷珍
医经,150,清,伤寒恒论,https://qihuang.vip/book-737.html,清·郑寿全
医经,150,清,伤寒审证表,https://qihuang.vip/book-929.html,清·包诚
医经,150,清,高注金匮要略,https://qihuang.vip/book-173.html,清·高学山
医经,150,清,黄帝内经素问校义,https://qihuang.vip/book-752.html,清·胡澍
医经,150,清,内经运气病释,https://qihuang.vip/book-590.html,清·陆懋修
医经,150,清,内经运气表,https://qihuang.vip/book-591.html,清·陆懋修
医经,150,清,内经难字音义,https://qihuang.vip/book-592.html,清·陆懋修
医经,150,清,伤寒论阳明病释,https://qihuang.vip/book-741.html,清·陆懋修
医经,150,清,中西汇通医经精义,https://qihuang.vip/book-174.html,清·唐宗海
医经,150,清,伤寒论浅注补正,https://qihuang.vip/book-725.html,清·唐宗海
医经,150,清,金匮要略浅注补正,https://qihuang.vip/book-749.html,清·唐宗海
医经,150,清,难经正义,https://qihuang.vip/book-175.html,清·叶霖
医经,150,清,内经评文,https://qihuang.vip/book-176.html,清·周学海
医经,150,清,伤寒补例,https://qihuang.vip/book-177.html,清·周学海
医经,150,清,伤寒捷诀,https://qihuang.vip/book-178.html,清·严则庵、裘庆元
医经,150,近代,伤寒辨要笺记,https://qihuang.vip/book-735.html,近代·程门雪
医经,150,近代,感症宝筏,https://qihuang.vip/book-732.html,近代·何廉臣
医经,150,近代,重订通俗伤寒论,https://qihuang.vip/book-185.html,近代·俞根初、何廉臣、曹炳章、徐荣斋
医经,150,近代,增订通俗伤寒论,https://qihuang.vip/book-727.html,近代·何廉臣
医经,150,近代,伤寒论汇注精华,https://qihuang.vip/book-721.html,近代·汪莲石
医经,150,近代,内经药瀹,https://qihuang.vip/book-186.html,近代·张骥
医经,150,近代,曹氏伤寒金匮发微合刊,https://qihuang.vip/book-750.html,近代·曹颖甫
医经,150,近代,伤寒解毒疗法,https://qihuang.vip/book-738.html,近代·胡宣明
医经,150,未分,医家千字文,https://qihuang.vip/book-588.html,日本·唯宗时俊
医经,150,未分,伤寒之研究,https://qihuang.vip/book-718.html,日本·中西惟忠
医经,150,未分,难经古义,https://qihuang.vip/book-179.html,日本·滕万卿
医经,150,未分,伤寒论集成,https://qihuang.vip/book-722.html,日本·山田正珍
医经,150,未分,伤寒论纲要,https://qihuang.vip/book-730.html,日本·橘南溪
医经,150,未分,长沙证汇,https://qihuang.vip/book-1115.html,日本·田中荣信
医经,150,未分,伤风约言,https://qihuang.vip/book-745.html,日本·后藤省
医经,150,未分,伤寒用药研究,https://qihuang.vip/book-739.html,日本·川越天淑
医经,150,未分,伤寒论辑义,https://qihuang.vip/book-180.html,日本·丹波元简
医经,150,未分,伤寒脉证式,https://qihuang.vip/book-744.html,日本·川越正淑
医经,150,未分,金匮玉函要略辑义,https://qihuang.vip/book-181.html,日本·丹波元简
医经,150,未分,素问识,https://qihuang.vip/book-182.html,日本·丹波元简
医经,150,未分,灵枢识,https://qihuang.vip/book-183.html,日本·丹波元简
医经,150,未分,难经疏证,https://qihuang.vip/book-597.html,日本·丹波元胤
医经,150,未分,伤寒广要,https://qihuang.vip/book-729.html,日本·丹波元坚
医经,150,未分,伤寒论述义,https://qihuang.vip/book-731.html,日本·丹波元坚
医经,150,未分,金匮玉函要略述义,https://qihuang.vip/book-184.html,日本·丹波元坚
医经,150,未分,素问绍识,https://qihuang.vip/book-581.html,日本·丹波元坚
医经,150,未分,汉方医学,https://qihuang.vip/book-736.html,日本·汤本求真
医论,314,汉,华氏中藏经,https://qihuang.vip/book-187.html,东汉·华佗
医论,314,南北朝,褚氏遗书,https://qihuang.vip/book-1033.html,南朝·宋·褚澄
医论,314,南北朝,辅行诀脏腑用药法要,https://qihuang.vip/book-826.html,南朝·宋·陶弘景
医论,314,隋,诸病源候论,https://qihuang.vip/book-188.html,隋·巢元方
医论,314,隋,巢氏病源补养宣导法,https://qihuang.vip/book-1152.html,隋·巢元方
医论,314,唐,大医精诚,https://qihuang.vip/book-1105.html,唐·孙思邈
医论,314,唐,千金食治,https://qihuang.vip/book-189.html,唐·孙思邈
医论,314,唐,摄养枕中方,https://qihuang.vip/book-779.html,唐·孙思邈
医论,314,宋,养老奉亲书,https://qihuang.vip/book-190.html,北宋·陈直
医论,314,宋,扁鹊心书,https://qihuang.vip/book-191.html,南宋·窦材
医论,314,宋,卫济宝书,https://qihuang.vip/book-192.html,南宋·东轩居士
医论,314,宋,三因极一病证方论,https://qihuang.vip/book-193.html,南宋·陈无择
医论,314,宋,养生月览,https://qihuang.vip/book-1147.html,南宋·周守忠
医论,314,宋,养生类纂,https://qihuang.vip/book-1146.html,南宋·周守忠
医论,314,宋,医说,https://qihuang.vip/book-536.html,南宋·张杲
医论,314,宋,洗冤集录,https://qihuang.vip/book-194.html,南宋·宋慈
医论,314,宋,诸病主病诗,https://qihuang.vip/book-715.html,南宋·东轩居士
医论,314,宋,摄生要义,https://qihuang.vip/book-1139.html,南宋·河滨丈人
医论,314,金,医学启源,https://qihuang.vip/book-196.html,金·张元素
医论,314,金,三消论,https://qihuang.vip/book-197.html,金·刘完素
医论,314,金,儒门事亲,https://qihuang.vip/book-198.html,金·张从正
医论,314,金,内外伤辨,https://qihuang.vip/book-199.html,金·李东垣
医论,314,金,脾胃论,https://qihuang.vip/book-200.html,金·李东垣
医论,314,元,摄生消息论,https://qihuang.vip/book-1140.html,元·丘处机
医论,314,元,活法机要,https://qihuang.vip/book-827.html,元·朱震亨
医论,314,元,兰室秘藏,https://qihuang.vip/book-201.html,元·李东垣
医论,314,元,卫生宝鉴,https://qihuang.vip/book-202.html,元·罗天益
医论,314,元,三元参赞延寿书,https://qihuang.vip/book-1136.html,元·李鹏飞
医论,314,元,医垒元戎,https://qihuang.vip/book-543.html,元·王好古
医论,314,元,此事难知,https://qihuang.vip/book-203.html,元·王好古
医论,314,元,丹溪手镜,https://qihuang.vip/book-204.html,元·朱震亨
医论,314,元,医学发明,https://qihuang.vip/book-1098.html,元·李东垣
医论,314,元,格致余论,https://qihuang.vip/book-205.html,元·朱震亨
医论,314,元,局方发挥,https://qihuang.vip/book-1031.html,元·朱震亨
医论,314,元,金匮钩玄,https://qihuang.vip/book-206.html,元·朱震亨
医论,314,元,平治会萃,https://qihuang.vip/book-1091.html,元·朱震亨
医论,314,元,山居四要,https://qihuang.vip/book-1137.html,元·汪汝懋
医论,314,元,心印绀珠经,https://qihuang.vip/book-1145.html,元·李汤卿
医论,314,元,饮食须知,https://qihuang.vip/book-1158.html,元·贾铭
医论,314,元,丹溪心法,https://qihuang.vip/book-208.html,元末明初·朱震亨
医论,314,明,医经溯洄集,https://qihuang.vip/book-294.html,明·王履
医论,314,明,玉机微义,https://qihuang.vip/book-546.html,明·徐用诚、刘纯
医论,314,明,医经秘旨,https://qihuang.vip/book-793.html,明·盛寅
医论,314,明,医经小学,https://qihuang.vip/book-1099.html,明·刘纯
医论,314,明,秘传证治要诀及类方,https://qihuang.vip/book-209.html,明·戴思恭
医论,314,明,推求师意,https://qihuang.vip/book-210.html,明·戴思恭
医论,314,明,杂病治例,https://qihuang.vip/book-832.html,明·刘纯
医论,314,明,医学正传,https://qihuang.vip/book-211.html,明·虞抟
医论,314,明,锦身机要,https://qihuang.vip/book-1134.html,明·混沌子
医论,314,明,医学原理,https://qihuang.vip/book-1041.html,明·汪机
医论,314,明,韩氏医通,https://qihuang.vip/book-212.html,明·韩懋
医论,314,明,续医说,https://qihuang.vip/book-537.html,明·俞弁
医论,314,明,内科摘要,https://qihuang.vip/book-213.html,明·薛己
医论,314,明,明医杂著,https://qihuang.vip/book-214.html,明·王纶
医论,314,明,厚生训纂,https://qihuang.vip/book-1133.html,明·周臣
医论,314,明,医方集宜,https://qihuang.vip/book-1161.html,明·丁凤
医论,314,明,古今医统大全,https://qihuang.vip/book-1096.html,明·徐春甫
医论,314,明,医学权舆,https://qihuang.vip/book-1150.html,明·胡文焕
医论,314,明,养生类要,https://qihuang.vip/book-778.html,明·吴正伦
医论,314,明,医学纲目,https://qihuang.vip/book-215.html,明·楼英
医论,314,明,推篷寤语,https://qihuang.vip/book-784.html,明·李豫亨
医论,314,明,保命歌括,https://qihuang.vip/book-1149.html,明·万密斋
医论,314,明,考证病源,https://qihuang.vip/book-1093.html,明·姚永济
医论,314,明,养生四要,https://qihuang.vip/book-1148.html,明·万密斋
医论,314,明,赤水玄珠,https://qihuang.vip/book-1113.html,明·孙一奎
医论,314,明,周慎斋遗书,https://qihuang.vip/book-216.html,明·周慎斋
医论,314,明,万病回春,https://qihuang.vip/book-217.html,明·龚廷贤
医论,314,明,古今医鉴,https://qihuang.vip/book-218.html,明·龚信
医论,314,明,云林神彀,https://qihuang.vip/book-1110.html,明·龚廷贤
医论,314,明,医学要数,https://qihuang.vip/book-840.html,明·胡文焕
医论,314,明,类修要诀,https://qihuang.vip/book-1135.html,明·胡文焕
医论,314,明,太素脉诀秘书,https://qihuang.vip/book-1142.html,明·胡文焕
医论,314,明,香奁润色,https://qihuang.vip/book-1144.html,明·胡文焕
医论,314,明,摄生集览,https://qihuang.vip/book-1138.html,明·胡文焕
医论,314,明,养生导引法,https://qihuang.vip/book-220.html,明·胡文焕
医论,314,明,养生导引秘籍,https://qihuang.vip/book-221.html,明·胡文焕
医论,314,明,松崖医径,https://qihuang.vip/book-1097.html,明·程玠
医论,314,明,医辨,https://qihuang.vip/book-1043.html,明·王肯堂
医论,314,明,郁冈斋医学笔麈,https://qihuang.vip/book-1044.html,明·王肯堂
医论,314,明,证治准绳·杂病,https://qihuang.vip/book-222.html,明·王肯堂
医论,314,明,瘴疟指南,https://qihuang.vip/book-223.html,明·郑全望
医论,314,明,寿世保元,https://qihuang.vip/book-224.html,明·龚廷贤
医论,314,明,济世全书,https://qihuang.vip/book-1111.html,明·龚廷贤
医论,314,明,医贯,https://qihuang.vip/book-297.html,明·赵献可
医论,314,明,医旨绪余,https://qihuang.vip/book-225.html,明·孙一奎
医论,314,明,先醒斋医学广笔记,https://qihuang.vip/book-1036.html,明·缪希雍
医论,314,明,医学研悦,https://qihuang.vip/book-1117.html,明·李盛春
医论,314,明,医学入门,https://qihuang.vip/book-538.html,明·李梴
医论,314,明,济阳纲目,https://qihuang.vip/book-834.html,明·武之望
医论,314,明,医学穷源集,https://qihuang.vip/book-1045.html,明·王肯堂
医论,314,明,简明医彀,https://qihuang.vip/book-226.html,明·孙志宏
医论,314,明,折肱漫录,https://qihuang.vip/book-1064.html,明·黄承昊
医论,314,明,丹台玉案,https://qihuang.vip/book-539.html,明·孙文胤
医论,314,明,医宗必读,https://qihuang.vip/book-1109.html,明·李中梓
医论,314,明,景岳全书,https://qihuang.vip/book-227.html,明·张景岳
医论,314,明,质疑录,https://qihuang.vip/book-298.html,明·张景岳
医论,314,明,医镜,https://qihuang.vip/book-1042.html,明·王肯堂
医论,314,明,温疫论,https://qihuang.vip/book-228.html,明·吴又可
医论,314,明,删补颐生微论,https://qihuang.vip/book-1104.html,明·李中梓
医论,314,明,证治心传,https://qihuang.vip/book-300.html,明·袁班
医论,314,明,轩岐救正论,https://qihuang.vip/book-229.html,明·萧京
医论,314,明,裴子言医,https://qihuang.vip/book-1069.html,明·裴一中
医论,314,明,医经国小,https://qihuang.vip/book-1124.html,明·佚名
医论,314,明,福寿丹书,https://qihuang.vip/book-1151.html,明·龚居中
医论,314,明,养生食忌,https://qihuang.vip/book-1156.html,明·胡文焕
医论,314,明,病机沙篆,https://qihuang.vip/book-833.html,明·李中梓
医论,314,明,脉症治方,https://qihuang.vip/book-231.html,明·吴正伦
医论,314,明,苍生司命,https://qihuang.vip/book-1103.html,明·虞抟
医论,314,明,明医指掌,https://qihuang.vip/book-232.html,明·皇甫中
医论,314,明,保生心鉴,https://qihuang.vip/book-1155.html,明·铁峰居士
医论,314,明,症因脉治,https://qihuang.vip/book-233.html,明·秦景明
医论,314,明,医易通说,https://qihuang.vip/book-1046.html,明·唐宗海
医论,314,清,心医集,https://qihuang.vip/book-234.html,清·祝登元
医论,314,清,医门法律,https://qihuang.vip/book-235.html,清·喻昌
医论,314,清,医宗说约,https://qihuang.vip/book-1107.html,清·蒋示吉
医论,314,清,寿世青编,https://qihuang.vip/book-237.html,清·尤乘
医论,314,清,广瘟疫论,https://qihuang.vip/book-238.html,清·戴天章
医论,314,清,痧胀玉衡,https://qihuang.vip/book-239.html,清·郭志邃
医论,314,清,古今名医汇粹,https://qihuang.vip/book-540.html,清·罗美
医论,314,清,医暇卮言,https://qihuang.vip/book-1079.html,清·程林
医论,314,清,温热暑疫全书,https://qihuang.vip/book-240.html,清·周扬俊
医论,314,清,证治汇补,https://qihuang.vip/book-241.html,清·李用粹
医论,314,清,辨证录,https://qihuang.vip/book-242.html,清·陈士铎
医论,314,清,旧德堂医案,https://qihuang.vip/book-785.html,清·李用粹
医论,314,清,石室秘录,https://qihuang.vip/book-243.html,清·陈士铎
医论,314,清,辨证玉函,https://qihuang.vip/book-544.html,清·陈士铎
医论,314,清,客窗偶谈,https://qihuang.vip/book-1059.html,清·沈明宗
医论,314,清,张氏医通,https://qihuang.vip/book-244.html,清·张璐
医论,314,清,动功按摩秘诀,https://qihuang.vip/book-1153.html,清·汪启圣、汪启贤
医论,314,清,医学真传,https://qihuang.vip/book-245.html,清·高世栻
医论,314,清,医学传灯,https://qihuang.vip/book-246.html,清·陈德求
医论,314,清,顾松园医镜,https://qihuang.vip/book-247.html,清·顾松园
医论,314,清,冯氏锦囊秘录,https://qihuang.vip/book-545.html,清·冯兆张
医论,314,清,医学体用,https://qihuang.vip/book-788.html,清·卢云乘
医论,314,清,医宗己任编,https://qihuang.vip/book-248.html,清·杨乘六
医论,314,清,医家心法,https://qihuang.vip/book-1037.html,清·高鼓峰
医论,314,清,陆地仙经,https://qihuang.vip/book-1094.html,清·马齐
医论,314,清,医学心悟,https://qihuang.vip/book-249.html,清·程钟龄
医论,314,清,不居集,https://qihuang.vip/book-837.html,清·吴澄
医论,314,清,医宗金鉴,https://qihuang.vip/book-250.html,清·吴谦
医论,314,清,运气要诀,https://qihuang.vip/book-510.html,清·吴谦
医论,314,清,三时伏气外感篇,https://qihuang.vip/book-801.html,清·叶天士
医论,314,清,医碥,https://qihuang.vip/book-252.html,清·何梦瑶
医论,314,清,四圣悬枢,https://qihuang.vip/book-555.html,清·黄元御
医论,314,清,素灵微蕴,https://qihuang.vip/book-557.html,清·黄元御
医论,314,清,杂症会心录,https://qihuang.vip/book-828.html,清·汪蕴谷
医论,314,清,方症会要,https://qihuang.vip/book-1162.html,清·吴迈
医论,314,清,资生集,https://qihuang.vip/book-704.html,清·董熿
医论,314,清,医贯砭,https://qihuang.vip/book-1047.html,清·徐大椿
医论,314,清,兰台轨范,https://qihuang.vip/book-1112.html,清·徐大椿
医论,314,清,金匮翼,https://qihuang.vip/book-253.html,清·尤怡
医论,314,清,一见能医,https://qihuang.vip/book-1092.html,清·朱时进
医论,314,清,湿热病篇,https://qihuang.vip/book-803.html,清·薛雪
医论,314,清,湿热条辨,https://qihuang.vip/book-810.html,清·薛雪
医论,314,清,寿世传真,https://qihuang.vip/book-254.html,清·徐文弼
医论,314,清,杂病源流犀烛,https://qihuang.vip/book-547.html,清·沈金鳌
医论,314,清,沈氏尊生书,https://qihuang.vip/book-1120.html,清·沈金鳌
医论,314,清,脉因证治,https://qihuang.vip/book-257.html,清·未知
医论,314,清,温热论,https://qihuang.vip/book-259.html,清·叶天士
医论,314,清,松峰说疫,https://qihuang.vip/book-260.html,清·刘奎
医论,314,清,金台医话,https://qihuang.vip/book-1072.html,清·俞廷举
医论,314,清,怡堂散记,https://qihuang.vip/book-1060.html,清·许豫和
医论,314,清,罗氏会约医镜,https://qihuang.vip/book-1102.html,清·罗国纲
医论,314,清,疫疹一得,https://qihuang.vip/book-261.html,清·余霖
医论,314,清,羊毛瘟症论,https://qihuang.vip/book-774.html,清·随霖
医论,314,清,大方脉,https://qihuang.vip/book-831.html,清·未知
医论,314,清,医学三信编,https://qihuang.vip/book-1116.html,清·毛世洪
医论,314,清,风劳臌膈四大证治,https://qihuang.vip/book-843.html,清·姜礼
医论,314,清,温病条辨,https://qihuang.vip/book-262.html,清·吴鞠通
医论,314,清,温证指归,https://qihuang.vip/book-773.html,清·周魁
医论,314,清,辨疫琐言,https://qihuang.vip/book-818.html,清·李炳
医论,314,清,医医偶录,https://qihuang.vip/book-1100.html,清·陈修园
医论,314,清,医学三字经,https://qihuang.vip/book-263.html,清·陈修园
医论,314,清,齐氏医案,https://qihuang.vip/book-1007.html,清·齐有堂
医论,314,清,医学实在易,https://qihuang.vip/book-264.html,清·陈修园
医论,314,清,古今医彻,https://qihuang.vip/book-265.html,清·怀远
医论,314,清,履霜集,https://qihuang.vip/book-1034.html,清·臧达德
医论,314,清,中风论,https://qihuang.vip/book-266.html,清·熊笏
医论,314,清,内伤集要,https://qihuang.vip/book-851.html,清·蔡贻绩
医论,314,清,证治针经,https://qihuang.vip/book-708.html,清·郭诚勋
医论,314,清,笔花医镜,https://qihuang.vip/book-267.html,清·江涵暾
医论,314,清,医门棒喝,https://qihuang.vip/book-1038.html,清·章楠
医论,314,清,医述,https://qihuang.vip/book-268.html,清·程文囿
医论,314,清,医林改错,https://qihuang.vip/book-269.html,清·王清任
医论,314,清,奉时旨要,https://qihuang.vip/book-1132.html,清·江涵暾
医论,314,清,傅氏男科,https://qihuang.vip/book-842.html,清·傅山
医论,314,清,医医病书,https://qihuang.vip/book-1040.html,清·吴鞠通
医论,314,清,何氏虚劳心传,https://qihuang.vip/book-270.html,清·何炫
医论,314,清,愿体医话,https://qihuang.vip/book-1061.html,清·史典
医论,314,清,类证治裁,https://qihuang.vip/book-271.html,清·林佩琴
医论,314,清,医学传心录,https://qihuang.vip/book-1075.html,清·刘一仁
医论,314,清,瘦吟医赘,https://qihuang.vip/book-1083.html,清·薛福
医论,314,清,邹氏寒疫论,https://qihuang.vip/book-819.html,清·邹汉璜
医论,314,清,医略十三篇,https://qihuang.vip/book-829.html,清·蒋宝素
医论,314,清,医学举要,https://qihuang.vip/book-1088.html,清·徐镛
医论,314,清,景岳全书发挥,https://qihuang.vip/book-1108.html,清·叶天士
医论,314,清,医学从众录,https://qihuang.vip/book-272.html,清·陈修园
医论,314,清,修昆仑证验,https://qihuang.vip/book-1129.html,清·天休子
医论,314,清,医学指归,https://qihuang.vip/book-273.html,清·赵术堂
医论,314,清,言医选评,https://qihuang.vip/book-1039.html,清·裴一中
医论,314,清,温热经纬,https://qihuang.vip/book-274.html,清·王士雄
医论,314,清,研经言,https://qihuang.vip/book-329.html,清·莫枚士
医论,314,清,琉球问答奇病论,https://qihuang.vip/book-786.html,清·曹仁伯
医论,314,清,医原,https://qihuang.vip/book-331.html,清·石寿棠
医论,314,清,随息居饮食谱,https://qihuang.vip/book-1157.html,清·王士雄
医论,314,清,随息居重订霍乱论,https://qihuang.vip/book-275.html,清·王士雄
医论,314,清,运气证治歌诀,https://qihuang.vip/book-583.html,清·王旭高
医论,314,清,医论拾遗,https://qihuang.vip/book-650.html,清·王旭高
医论,314,清,薛氏湿热论歌诀,https://qihuang.vip/book-806.html,清·王旭高
医论,314,清,吴又可温疫论歌括,https://qihuang.vip/book-813.html,清·王旭高
医论,314,清,温疫明辨歌诀,https://qihuang.vip/book-816.html,清·王旭高
医论,314,清,西溪书屋夜话录,https://qihuang.vip/book-1048.html,清·王旭高
医论,314,清,乘桴医影,https://qihuang.vip/book-1084.html,清·王士雄
医论,314,清,医学刍言,https://qihuang.vip/book-1090.html,清·王旭高
医论,314,清,校注医醇賸义,https://qihuang.vip/book-276.html,清·费伯雄
医论,314,清,医中一得,https://qihuang.vip/book-787.html,清·顾仪卿
医论,314,清,理瀹骈文,https://qihuang.vip/book-277.html,清·吴师机
医论,314,清,评琴书屋医略,https://qihuang.vip/book-776.html,清·潘名熊
医论,314,清,文十六卷,https://qihuang.vip/book-841.html,清·陆懋修
医论,314,清,药症忌宜,https://qihuang.vip/book-278.html,清·陈澈
医论,314,清,医学见能,https://qihuang.vip/book-279.html,清·唐宗海
医论,314,清,医学集成,https://qihuang.vip/book-1118.html,清·刘仕廉
医论,314,清,医法圆通,https://qihuang.vip/book-1106.html,清·郑寿全
医论,314,清,南病别鉴,https://qihuang.vip/book-772.html,清·叶天士、宋兆淇
医论,314,清,时病论,https://qihuang.vip/book-280.html,清·雷丰
医论,314,清,蠢子医,https://qihuang.vip/book-1080.html,清·龙绘堂
医论,314,清,医门补要,https://qihuang.vip/book-281.html,清·赵濂
医论,314,清,血证论,https://qihuang.vip/book-282.html,清·唐宗海
医论,314,清,医林琐语,https://qihuang.vip/book-1056.html,清·陆懋修
医论,314,清,重订时行伏阴刍言,https://qihuang.vip/book-757.html,清·田宗汉
医论,314,清,医寄伏阴论,https://qihuang.vip/book-805.html,清·田宗汉
医论,314,清,霍乱燃犀说,https://qihuang.vip/book-821.html,清·许起
医论,314,清,性命要旨,https://qihuang.vip/book-1131.html,清·汪东亭
医论,314,清,寿山笔记,https://qihuang.vip/book-1082.html,清·杨寿山
医论,314,清,医学妙谛,https://qihuang.vip/book-284.html,清·何其伟
医论,314,清,养生秘旨,https://qihuang.vip/book-1130.html,清·马齐
医论,314,清,医粹精言,https://qihuang.vip/book-1057.html,清·徐延祚
医论,314,清,医学答问,https://qihuang.vip/book-839.html,清·梁玉瑜
医论,314,清,医易一理,https://qihuang.vip/book-791.html,清·邵同珍
医论,314,清,医学摘粹,https://qihuang.vip/book-1101.html,清·庆恕
医论,314,清,经历杂论,https://qihuang.vip/book-797.html,清·刘恒瑞
医论,314,清,六气感证要义,https://qihuang.vip/book-808.html,清·周岩
医论,314,清,温热逢源,https://qihuang.vip/book-286.html,清·柳宝诒
医论,314,清,达摩洗髓易筋经,https://qihuang.vip/book-1154.html,清·项扬惠、吴德华、张鉴若、曹江整理
医论,314,清,医医小草,https://qihuang.vip/book-287.html,清·宝辉
医论,314,清,鼠疫约编,https://qihuang.vip/book-820.html,清·罗汝兰
医论,314,清,暑症发原,https://qihuang.vip/book-844.html,清·李识候
医论,314,清,医医医,https://qihuang.vip/book-1032.html,清·孟今氏
医论,314,清,温病指南,https://qihuang.vip/book-288.html,清·娄杰
医论,314,清,医学衷中参西录,https://qihuang.vip/book-289.html,清·张锡纯
医论,314,清,杨成博先生遗留穴道秘书,https://qihuang.vip/book-716.html,清·杨成博
医论,314,清,伏邪新书,https://qihuang.vip/book-771.html,清·刘吉人
医论,314,清,医学说约,https://qihuang.vip/book-789.html,清·秋田散人
医论,314,清,医学辑要,https://qihuang.vip/book-790.html,清·吴燡
医论,314,清,咳论经旨,https://qihuang.vip/book-798.html,清·凌德
医论,314,清,陈平伯外感温病篇,https://qihuang.vip/book-802.html,清·陈平伯
医论,314,清,温病辨症,https://qihuang.vip/book-809.html,清·马宗元
医论,314,清,医医十病,https://qihuang.vip/book-1076.html,清·吴楚
医论,314,清,医津一筏,https://qihuang.vip/book-1119.html,清·江之兰
医论,314,清,医学心悟杂症要义,https://qihuang.vip/book-1122.html,清·程国龄
医论,314,清,寿世编,https://qihuang.vip/book-1141.html,清·青浦诸君子
医论,314,清,痰疬法门,https://qihuang.vip/book-291.html,清·李庆申
医论,314,近代,重订广温热论,https://qihuang.vip/book-290.html,近代·何廉臣
医论,314,近代,秋疟指南,https://qihuang.vip/book-800.html,近代·林天佑
医论,314,近代,湿温时疫治疗法,https://qihuang.vip/book-817.html,近代·何廉臣
医论,314,近代,治疟机要,https://qihuang.vip/book-849.html,近代·刘裁吾
医论,314,近代,医病简要,https://qihuang.vip/book-792.html,近代·裘吉生
医论,314,近代,景景医话,https://qihuang.vip/book-1065.html,近代·陆锦燧
医论,314,近代,温热论笺正,https://qihuang.vip/book-807.html,近代·陈光淞
医论,314,近代,通俗内科学,https://qihuang.vip/book-830.html,近代·张拯滋
医论,314,近代,中风斠诠,https://qihuang.vip/book-1121.html,近代·张寿颐
医论,314,近代,存粹医话,https://qihuang.vip/book-1058.html,近代·陆锦燧
医论,314,近代,中西温热串解,https://qihuang.vip/book-811.html,近代·吴瑞甫
医论,314,近代,伏瘟证治实验谈,https://qihuang.vip/book-815.html,近代·蒋树杞
医论,314,近代,嬾园医语,https://qihuang.vip/book-1063.html,近代·傅嬾园
医论,314,近代,治痢捷要新书,https://qihuang.vip/book-775.html,近代·丁国瑞
医论,314,近代,慈济医话,https://qihuang.vip/book-1062.html,近代·孙子云
医论,314,近代,靖庵说医,https://qihuang.vip/book-1073.html,近代·周靖庵
医论,314,近代,全体病源类纂,https://qihuang.vip/book-1087.html,近代·郑守谦
医论,314,近代,推拿抉微,https://qihuang.vip/book-292.html,近代·涂蔚生
医论,314,近代,留香馆医话,https://qihuang.vip/book-1067.html,近代·华国振
医论,314,近代,治痢南针,https://qihuang.vip/book-822.html,近代·罗振湘
医论,314,近代,景景室医稿杂存,https://qihuang.vip/book-1066.html,近代·陆锦燧
医论,314,近代,素轩医语,https://qihuang.vip/book-1068.html,近代·邵餐芝
医论,314,近代,温病正宗,https://qihuang.vip/book-542.html,近代·王德宣
医论,314,近代,痉病与脑膜炎全书,https://qihuang.vip/book-823.html,近代·刘裁吾
医论,314,近代,黄氏医话,https://qihuang.vip/book-1074.html,近代·黄汉如
医论,314,近代,中国医学源流论,https://qihuang.vip/book-1127.html,近代·谢观
医论,314,近代,重订温热经解,https://qihuang.vip/book-804.html,近代·沈麟
医论,314,近代,士谔医话,https://qihuang.vip/book-1077.html,近代·陆士谔
医论,314,近代,止园医话,https://qihuang.vip/book-1078.html,近代·罗文杰
医论,314,近代,圆运动的古中医学,https://qihuang.vip/book-1125.html,近代·彭子益
医论,314,近代,谷荪医话,https://qihuang.vip/book-1071.html,现代·戴谷荪
医论,314,近代,觉庐医话录存,https://qihuang.vip/book-1070.html,现代·卢觉愚
医论,314,未分,医断与斥医断,https://qihuang.vip/book-1053.html,日本·鹤冲元逸
医论,314,未分,古书医言,https://qihuang.vip/book-1085.html,日本·吉益为则
医论,314,未分,青囊琐探,https://qihuang.vip/book-1052.html,日本·片仓元周
医论,314,未分,藤氏医谈,https://qihuang.vip/book-1030.html,日本·藤明
医论,314,未分,生生堂治验,https://qihuang.vip/book-1054.html,日本·中神琴溪
医论,314,未分,医賸,https://qihuang.vip/book-1051.html,日本·丹波元简
医论,314,未分,痘科辨要,https://qihuang.vip/book-825.html,日本·池田瑞仙
医论,314,未分,温病之研究,https://qihuang.vip/book-814.html,日本·源元凯
医论,314,未分,建殊录,https://qihuang.vip/book-1055.html,日本·吉益为则
医论,314,未分,中国医籍考,https://qihuang.vip/book-1128.html,日本·丹波元胤
医论,314,未分,温疫论私评,https://qihuang.vip/book-812.html,日本·秋吉质
医论,314,未分,药治通义,https://qihuang.vip/book-664.html,日本·丹波元坚
医论,314,未分,医余,https://qihuang.vip/book-1050.html,日本·尾台逸
医论,314,未分,医事启源,https://qihuang.vip/book-1126.html,日本·今邨亮
医论,314,未分,证治摘要,https://qihuang.vip/book-835.html,日本·中川成章
医论,314,未分,泻疫新论,https://qihuang.vip/book-824.html,日本·高岛久贯
医论,314,未分,脚气概论,https://qihuang.vip/book-853.html,日本·冈田昌春
医论,314,未分,中国内科医鉴,https://qihuang.vip/book-836.html,日本·汤本求真
医论,314,未分,先哲医话集,https://qihuang.vip/book-1086.html,日本·长尾藻城
医案,133,元,丹溪治法心要,https://qihuang.vip/book-293.html,元·朱震亨
医案,133,明,医学碎金,https://qihuang.vip/book-838.html,明·周礼
医案,133,明,石山医案,https://qihuang.vip/book-1020.html,明·汪机
医案,133,明,孙文垣医案,https://qihuang.vip/book-295.html,明·孙一奎
医案,133,明,肯堂医论,https://qihuang.vip/book-296.html,明·王肯堂
医案,133,明,医验大成,https://qihuang.vip/book-1024.html,明·秦昌遇
医案,133,明,寓意草,https://qihuang.vip/book-299.html,明·喻昌
医案,133,明,上池杂说,https://qihuang.vip/book-301.html,明·冯元成
医案,133,明,里中医案,https://qihuang.vip/book-1014.html,明·李中梓
医案,133,明,薛案辨疏,https://qihuang.vip/book-1015.html,明·薛己
医案,133,清,侣山堂类辩,https://qihuang.vip/book-302.html,清·张志聪
医案,133,清,素圃医案,https://qihuang.vip/book-964.html,清·郑重光
医案,133,清,医权初编,https://qihuang.vip/book-963.html,清·王三尊
医案,133,清,医学读书记,https://qihuang.vip/book-303.html,清·尤怡
医案,133,清,静香楼医案,https://qihuang.vip/book-1022.html,清·尤怡
医案,133,清,沈氏医案,https://qihuang.vip/book-965.html,清·沈璠
医案,133,清,叶天士医案精华,https://qihuang.vip/book-304.html,清·叶天士
医案,133,清,叶选医衡,https://qihuang.vip/book-305.html,清·叶天士
医案,133,清,叶天士医案,https://qihuang.vip/book-1013.html,清·叶天士
医案,133,清,医学源流论,https://qihuang.vip/book-306.html,清·徐大椿
医案,133,清,洄溪医案,https://qihuang.vip/book-1019.html,清·徐大椿
医案,133,清,辨证奇闻,https://qihuang.vip/book-1021.html,清·陈士铎
医案,133,清,临证指南医案,https://qihuang.vip/book-307.html,清·叶天士
医案,133,清,扫叶庄医案,https://qihuang.vip/book-967.html,清·薛雪
医案,133,清,眉寿堂方案选存,https://qihuang.vip/book-308.html,清·叶天士
医案,133,清,徐批叶天士晚年方案真本,https://qihuang.vip/book-309.html,清·叶天士
医案,133,清,慎疾刍言,https://qihuang.vip/book-310.html,清·徐大椿
医案,133,清,未刻本叶氏医案,https://qihuang.vip/book-958.html,清·叶天士
医案,133,清,续名医类案,https://qihuang.vip/book-311.html,清·魏之琇
医案,133,清,一瓢医案,https://qihuang.vip/book-1027.html,清·薛雪
医案,133,清,柳洲医话,https://qihuang.vip/book-312.html,清·魏之琇
医案,133,清,松心医案,https://qihuang.vip/book-1006.html,清·缪松心
医案,133,清,松心医案笔记,https://qihuang.vip/book-1008.html,清·缪松心
医案,133,清,古今医案按,https://qihuang.vip/book-313.html,清·俞震
医案,133,清,奇症汇,https://qihuang.vip/book-314.html,清·沈源
医案,133,清,黄澹翁医案,https://qihuang.vip/book-970.html,清·黄述宁
医案,133,清,吴鞠通医案,https://qihuang.vip/book-315.html,清·吴鞠通
医案,133,清,吴医汇讲,https://qihuang.vip/book-316.html,清·唐大烈
医案,133,清,客尘医话,https://qihuang.vip/book-317.html,清·讦寿乔
医案,133,清,重庆堂随笔,https://qihuang.vip/book-318.html,清·王秉衡
医案,133,清,友渔斋医话,https://qihuang.vip/book-319.html,清·黄凯钧
医案,133,清,王九峰医案（一）,https://qihuang.vip/book-1009.html,一
医案,133,清,王九峰医案（二）,https://qihuang.vip/book-1010.html,二
医案,133,清,玉台新案,https://qihuang.vip/book-1089.html,清·徐镛
医案,133,清,叶天士曹仁伯何元长医案,https://qihuang.vip/book-997.html,清·叶天士
医案,133,清,重订灵兰要览,https://qihuang.vip/book-320.html,清·顾金寿
医案,133,清,三家医案合刻,https://qihuang.vip/book-321.html,清·吴金寿
医案,133,清,程杏轩医案,https://qihuang.vip/book-322.html,清·程文囿
医案,133,清,曹仁伯医案论,https://qihuang.vip/book-323.html,清·曹仁伯
医案,133,清,延陵弟子纪要,https://qihuang.vip/book-782.html,清·曹仁伯
医案,133,清,曹仁伯医案,https://qihuang.vip/book-1003.html,清·曹仁伯
医案,133,清,仿寓意草,https://qihuang.vip/book-770.html,清·李冠仙
医案,133,清,叶氏医案存真,https://qihuang.vip/book-1012.html,清·叶万青
医案,133,清,归砚录,https://qihuang.vip/book-324.html,清·王士雄
医案,133,清,医学课儿策,https://qihuang.vip/book-325.html,清·高鼎汾
医案,133,清,知医必辨,https://qihuang.vip/book-326.html,清·李冠仙
医案,133,清,李冠仙医案,https://qihuang.vip/book-994.html,清·李冠仙
医案,133,清,回春录,https://qihuang.vip/book-327.html,清·王士雄
医案,133,清,沈俞医案合钞,https://qihuang.vip/book-985.html,清·沈又彭、俞震
医案,133,清,王氏医案正编,https://qihuang.vip/book-1016.html,清·王士雄
医案,133,清,王氏医案续编,https://qihuang.vip/book-1017.html,清·王士雄
医案,133,清,市隐庐医学杂著,https://qihuang.vip/book-328.html,清·王严士
医案,133,清,古今医案按选,https://qihuang.vip/book-1005.html,清·王士雄
医案,133,清,王氏医案三编,https://qihuang.vip/book-1018.html,清·王士雄
医案,133,清,痢疾明辨,https://qihuang.vip/book-852.html,清·吴士瑛
医案,133,清,冷庐医话,https://qihuang.vip/book-330.html,清·陆以湉
医案,133,清,过庭录存,https://qihuang.vip/book-795.html,清·曹仁伯
医案,133,清,临证经应录,https://qihuang.vip/book-992.html,清·刘金方
医案,133,清,爱庐医案,https://qihuang.vip/book-688.html,清·张大爔
医案,133,清,得心集医案,https://qihuang.vip/book-972.html,清·谢星焕
医案,133,清,醉花窗医案,https://qihuang.vip/book-1026.html,清·王堉
医案,133,清,孟英医案,https://qihuang.vip/book-1011.html,清·王士雄
医案,133,清,张畹香医案,https://qihuang.vip/book-332.html,清·张畹香
医案,133,清,徐养恬方案,https://qihuang.vip/book-1000.html,清·徐养恬
医案,133,清,王乐亭指要,https://qihuang.vip/book-1081.html,清·王乐亭
医案,133,清,柳选四家医案,https://qihuang.vip/book-960.html,清·柳宝诒
医案,133,清,增补评注柳选医案,https://qihuang.vip/book-961.html,清·柳宝诒
医案,133,清,存存斋医话稿,https://qihuang.vip/book-333.html,清·赵晴初
医案,133,清,一得集,https://qihuang.vip/book-334.html,清·心禅僧
医案,133,清,龙砂八家医案,https://qihuang.vip/book-969.html,清·姜成芝
医案,133,清,青霞医案,https://qihuang.vip/book-968.html,清·沈登阶
医案,133,清,陈莘田外科方案,https://qihuang.vip/book-974.html,清·陈莘田
医案,133,清,凌临灵方,https://qihuang.vip/book-335.html,清·凌奂
医案,133,清,马培之医案,https://qihuang.vip/book-336.html,清·马培之
医案,133,清,许氏医案,https://qihuang.vip/book-959.html,清·许恩普
医案,133,清,退庵医案,https://qihuang.vip/book-987.html,清·凌淦、李龄寿
医案,133,清,王旭高临证医案,https://qihuang.vip/book-337.html,清·王旭高
医案,133,清,诊余举隅录,https://qihuang.vip/book-962.html,清·陈匊生
医案,133,清,读医随笔,https://qihuang.vip/book-338.html,清·周学海
医案,133,清,王应震要诀,https://qihuang.vip/book-990.html,清·王应震
医案,133,清,贯唯集,https://qihuang.vip/book-996.html,清·通意子
医案,133,清,环溪草堂医案,https://qihuang.vip/book-971.html,清·王旭高
医案,133,清,疡科指南医案,https://qihuang.vip/book-975.html,清·王乐亭
医案,133,清,崇实堂医案,https://qihuang.vip/book-781.html,清·姚龙光
医案,133,清,柳宝诒医论医案,https://qihuang.vip/book-1035.html,清·柳宝诒
医案,133,清,对山医话,https://qihuang.vip/book-339.html,清·毛对山
医案,133,清,张聿青医案,https://qihuang.vip/book-340.html,清·张聿青
医案,133,清,曹沧洲医案,https://qihuang.vip/book-1025.html,清·曹沧洲
医案,133,清,沈鲐翁医验随笔,https://qihuang.vip/book-603.html,清·沈奉江
医案,133,清,花韵楼医案,https://qihuang.vip/book-341.html,清·顾德华
医案,133,清,邵兰荪医案,https://qihuang.vip/book-342.html,清·邵兰荪
医案,133,清,也是山人医案,https://qihuang.vip/book-343.html,清·也是山人
医案,133,清,何澹安医案,https://qihuang.vip/book-344.html,清·何澹安
医案,133,清,馤塘医话,https://qihuang.vip/book-345.html,清·张景焘
医案,133,清,和缓遗风,https://qihuang.vip/book-760.html,清·金子久
医案,133,清,千里医案,https://qihuang.vip/book-780.html,清·张千里
医案,133,清,邵氏医案,https://qihuang.vip/book-966.html,清·邵兰生
医案,133,清,爱月庐医案,https://qihuang.vip/book-976.html,清·佚名
医案,133,清,竹亭医案,https://qihuang.vip/book-977.html,清·孙采邻
医案,133,清,剑慧草堂医案,https://qihuang.vip/book-979.html,清·卧云山人
医案,133,清,旌孝堂医案,https://qihuang.vip/book-988.html,清·赵履鳌
医案,133,清,江泽之医案,https://qihuang.vip/book-989.html,清·江泽之
医案,133,清,邵氏方案,https://qihuang.vip/book-991.html,清·邵杏泉
医案,133,清,沈菊人医案,https://qihuang.vip/book-995.html,清·沈菊人
医案,133,清,临诊医案,https://qihuang.vip/book-998.html,清·佚名
医案,133,清,汪艺香先生医案,https://qihuang.vip/book-999.html,清·汪艺香
医案,133,清,慎五堂治验录,https://qihuang.vip/book-1001.html,清·钱艺
医案,133,清,丛桂草堂医案,https://qihuang.vip/book-346.html,清·袁焯
医案,133,清,王氏医案绎注,https://qihuang.vip/book-347.html,清·王士雄
医案,133,近代,陈莲舫医案,https://qihuang.vip/book-986.html,近代·陈莲舫
医案,133,近代,遯园医案,https://qihuang.vip/book-1002.html,近代·萧伯章
医案,133,近代,徐渡渔先生医案,https://qihuang.vip/book-783.html,近代·徐渡渔
医案,133,近代,金氏门诊方案,https://qihuang.vip/book-764.html,近代·金子久
医案,133,近代,丁甘仁医案,https://qihuang.vip/book-348.html,近代·丁甘仁
医案,133,近代,全国名医验案类编,https://qihuang.vip/book-1023.html,近代·何廉臣
医案,133,近代,经方实验录,https://qihuang.vip/book-1004.html,近代·曹颖甫
医案,133,近代,邹亦仲医案新编,https://qihuang.vip/book-973.html,近代·邹亦仲
医案,133,近代,王仲奇医案,https://qihuang.vip/book-993.html,近代·王仲奇
医案,133,近代,余无言医案,https://qihuang.vip/book-1029.html,现代·余无言
医案,133,近代,湖岳村叟医案,https://qihuang.vip/book-1028.html,现代·翟竹亭、张茂珍
医案,133,未分,北山医案,https://qihuang.vip/book-956.html,日本·北山友松子
医案,133,未分,先哲医话,https://qihuang.vip/book-957.html,日本·浅田宗伯
医案,133,未分,孤鹤医案,https://qihuang.vip/book-980.html,朝代未知·佚名
经络,14,西晋,针灸甲乙经,https://qihuang.vip/book-356.html,西晋·皇甫谧
经络,14,唐,黄帝明堂灸经,https://qihuang.vip/book-357.html,唐·作者未知
经络,14,宋,针灸神书,https://qihuang.vip/book-358.html,北宋·琼瑶真人
经络,14,宋,灸膏肓腧穴法,https://qihuang.vip/book-349.html,南宋·庄绰
经络,14,明,灵枢经脉翼,https://qihuang.vip/book-594.html,明·夏英
经络,14,明,经络全书,https://qihuang.vip/book-350.html,明·沈子禄、徐师鲁
经络,14,明,奇经八脉考,https://qihuang.vip/book-351.html,明·李时珍
经络,14,明,经络考,https://qihuang.vip/book-352.html,明·张三锡
经络,14,明,经络汇编,https://qihuang.vip/book-353.html,明·翟良
经络,14,清,身经通考,https://qihuang.vip/book-714.html,清·李潆
经络,14,清,医会元要,https://qihuang.vip/book-600.html,清·蔡贻绩
经络,14,清,厘正按摩要术,https://qihuang.vip/book-354.html,清·张振鋆
经络,14,清,脉度运行考,https://qihuang.vip/book-709.html,清·李盛卿
经络,14,未分,经穴汇解,https://qihuang.vip/book-355.html,日本·原昌克
针灸,34,宋,针灸资生经,https://qihuang.vip/book-359.html,南宋·王执中
针灸,34,宋,宋本备急灸法,https://qihuang.vip/book-360.html,南宋·闻人耆年
针灸,34,金,子午流注针经,https://qihuang.vip/book-361.html,金·阎明广
针灸,34,元,针经指南,https://qihuang.vip/book-362.html,元·窦汉卿
针灸,34,元,针经节要,https://qihuang.vip/book-521.html,元·杜思敬
针灸,34,元,扁鹊神应针灸玉龙经,https://qihuang.vip/book-363.html,元·王国瑞
针灸,34,元,十四经发挥,https://qihuang.vip/book-701.html,元·滑寿
针灸,34,元,西方子明堂灸经,https://qihuang.vip/book-364.html,元·西方子
针灸,34,明,普济方·针灸,https://qihuang.vip/book-365.html,明·朱橚
针灸,34,明,神应经,https://qihuang.vip/book-366.html,明·陈会
针灸,34,明,针灸大全,https://qihuang.vip/book-367.html,明·徐凤
针灸,34,明,凌门传授铜人指穴,https://qihuang.vip/book-740.html,明·凌云
针灸,34,明,针灸聚英,https://qihuang.vip/book-368.html,明·高武
针灸,34,明,针灸问对,https://qihuang.vip/book-369.html,明·汪机
针灸,34,明,针灸素难要旨,https://qihuang.vip/book-370.html,明·高武
针灸,34,明,针灸节要,https://qihuang.vip/book-702.html,明·高武
针灸,34,明,杨敬斋针灸全书,https://qihuang.vip/book-522.html,明·杨敬斋
针灸,34,明,针灸大成,https://qihuang.vip/book-371.html,明·杨继洲
针灸,34,明,针方六集,https://qihuang.vip/book-711.html,明·吴昆
针灸,34,清,刺灸心法要诀,https://qihuang.vip/book-511.html,清·吴谦
针灸,34,清,针灸易学,https://qihuang.vip/book-372.html,清·李守先
针灸,34,清,针灸逢源,https://qihuang.vip/book-373.html,清·李学川
针灸,34,清,针灸集成,https://qihuang.vip/book-523.html,清·廖润鸿
针灸,34,清,考正周身穴法歌,https://qihuang.vip/book-703.html,清·廖润鸿
针灸,34,清,经脉图考,https://qihuang.vip/book-707.html,清·陈惠畴
针灸,34,清,灸法秘传,https://qihuang.vip/book-374.html,清·金冶田传　雷少逸编
针灸,34,清,中西汇参铜人图说,https://qihuang.vip/book-705.html,清·刘锺衡
针灸,34,近代,子午流注说难,https://qihuang.vip/book-375.html,近代·吴棹仙
针灸,34,近代,针灸问答,https://qihuang.vip/book-706.html,近代·谭志光
针灸,34,近代,金针秘传,https://qihuang.vip/book-376.html,近代·方慎庵
针灸,34,未分,经穴纂要,https://qihuang.vip/book-713.html,日本·小坂营升
针灸,34,未分,选针三要集,https://qihuang.vip/book-717.html,日本·杉山和一
针灸,34,未分,针学通论,https://qihuang.vip/book-712.html,日本·佐藤利信
针灸,34,未分,针灸学纲要,https://qihuang.vip/book-710.html,日本·摄都管周桂
妇幼,145,汉,颅囟经,https://qihuang.vip/book-377.html,东汉·卫汛
妇幼,145,唐,经效产宝,https://qihuang.vip/book-378.html,唐·昝殷
妇幼,145,唐,张氏妇科,https://qihuang.vip/book-856.html,唐·张氏
妇幼,145,宋,小儿药证直诀,https://qihuang.vip/book-379.html,北宋·钱乙
妇幼,145,宋,钱氏小儿直诀,https://qihuang.vip/book-890.html,北宋·钱乙
妇幼,145,宋,幼幼新书,https://qihuang.vip/book-380.html,南宋·刘昉
妇幼,145,宋,卫生家宝产科备要,https://qihuang.vip/book-381.html,南宋·朱端章
妇幼,145,宋,女科百问,https://qihuang.vip/book-382.html,南宋·宋仲甫
妇幼,145,宋,妇人大全良方,https://qihuang.vip/book-526.html,南宋·陈自明
妇幼,145,宋,薛氏济阴万金书,https://qihuang.vip/book-861.html,南宋·薛古愚
妇幼,145,宋,小儿痘疹方论,https://qihuang.vip/book-383.html,南宋·陈文中
妇幼,145,宋,小儿卫生总微论方,https://qihuang.vip/book-384.html,南宋·作者未知
妇幼,145,元,活幼心书,https://qihuang.vip/book-385.html,元·曾世荣
妇幼,145,元,活幼口议,https://qihuang.vip/book-386.html,元·曾世荣
妇幼,145,明,校注妇人良方,https://qihuang.vip/book-867.html,明·薛己
妇幼,145,明,普济方·婴孩,https://qihuang.vip/book-910.html,明·朱橚
妇幼,145,明,原幼心法,https://qihuang.vip/book-893.html,明·彭用光
妇幼,145,明,婴童百问,https://qihuang.vip/book-387.html,明·鲁伯嗣
妇幼,145,明,幼科类萃,https://qihuang.vip/book-531.html,明·王銮
妇幼,145,明,痘治理辨,https://qihuang.vip/book-916.html,明·汪机
妇幼,145,明,广嗣要语,https://qihuang.vip/book-388.html,明·俞桥
妇幼,145,明,女科撮要,https://qihuang.vip/book-389.html,明·薛己
妇幼,145,明,幼科发挥,https://qihuang.vip/book-390.html,明·万密斋
妇幼,145,明,片玉痘疹,https://qihuang.vip/book-918.html,明·万密斋
妇幼,145,明,万氏家传痘疹心法,https://qihuang.vip/book-919.html,明·万密斋
妇幼,145,明,保婴金镜录,https://qihuang.vip/book-892.html,明·薛己
妇幼,145,明,保婴撮要,https://qihuang.vip/book-391.html,明·薛铠
妇幼,145,明,济生产宝,https://qihuang.vip/book-884.html,明·佚名
妇幼,145,明,万氏女科,https://qihuang.vip/book-868.html,明·万密斋
妇幼,145,明,广嗣纪要,https://qihuang.vip/book-889.html,明·万密斋
妇幼,145,明,万氏秘传片玉心书,https://qihuang.vip/book-392.html,明·万密斋
妇幼,145,明,育婴家秘,https://qihuang.vip/book-904.html,明·万密斋
妇幼,145,明,幼幼集,https://qihuang.vip/book-901.html,明·孟继孔
妇幼,145,明,证治准绳·女科,https://qihuang.vip/book-393.html,明·王肯堂
妇幼,145,明,证治准绳·幼科,https://qihuang.vip/book-394.html,明·王肯堂
妇幼,145,明,胤产全书,https://qihuang.vip/book-880.html,明·王肯堂
妇幼,145,明,胎产证治,https://qihuang.vip/book-881.html,明·王肯堂
妇幼,145,明,小儿推拿方脉活婴秘旨全书,https://qihuang.vip/book-920.html,明·龚廷贤
妇幼,145,明,疹科类编,https://qihuang.vip/book-915.html,明·武之望
妇幼,145,明,产鉴,https://qihuang.vip/book-395.html,明·王化贞
妇幼,145,明,内府秘传经验女科,https://qihuang.vip/book-396.html,明·龚廷贤
妇幼,145,明,孕育玄机,https://qihuang.vip/book-888.html,明·陶本学
妇幼,145,明,婴童类萃,https://qihuang.vip/book-397.html,明·王大纶
妇幼,145,明,幼科折衷,https://qihuang.vip/book-398.html,明·秦景明
妇幼,145,明,小儿诸证补遗,https://qihuang.vip/book-894.html,明·张昶
妇幼,145,明,妇人规,https://qihuang.vip/book-399.html,明·张景岳
妇幼,145,明,幼科概论,https://qihuang.vip/book-400.html,明·作者未知
妇幼,145,明,保幼新编,https://qihuang.vip/book-401.html,明·无忌先生
妇幼,145,明,妇科百辨,https://qihuang.vip/book-862.html,明·庄履严
妇幼,145,明,幼科医验,https://qihuang.vip/book-981.html,明·秦昌遇
妇幼,145,明,邯郸遗稿,https://qihuang.vip/book-402.html,明·赵献可
妇幼,145,明,济阴纲目,https://qihuang.vip/book-403.html,明·武之望
妇幼,145,清,傅青主女科,https://qihuang.vip/book-404.html,清·傅山
妇幼,145,清,傅青主女科歌括,https://qihuang.vip/book-405.html,清·傅山
妇幼,145,清,宜麟策,https://qihuang.vip/book-887.html,清·汪和鼎
妇幼,145,清,幼科指南,https://qihuang.vip/book-406.html,清·周震
妇幼,145,清,痘疹生民切要,https://qihuang.vip/book-917.html,清·喻昌
妇幼,145,清,小儿推拿广意,https://qihuang.vip/book-528.html,清·熊应雄
妇幼,145,清,女科经纶,https://qihuang.vip/book-407.html,清·萧埙
妇幼,145,清,胎产指南,https://qihuang.vip/book-408.html,清·单南山
妇幼,145,清,幼科铁镜,https://qihuang.vip/book-409.html,清·夏禹铸
妇幼,145,清,女科精要,https://qihuang.vip/book-535.html,清·冯兆张
妇幼,145,清,慈幼新书,https://qihuang.vip/book-410.html,清·程云鹏
妇幼,145,清,达生编,https://qihuang.vip/book-411.html,清·亟斋居士
妇幼,145,清,女科指掌,https://qihuang.vip/book-412.html,清·叶其蓁
妇幼,145,清,幼科汇诀直解,https://qihuang.vip/book-898.html,清·魏鉴
妇幼,145,清,产宝,https://qihuang.vip/book-875.html,清·倪枝维
妇幼,145,清,产后十八论,https://qihuang.vip/book-873.html,清·道先氏
妇幼,145,清,胎产心法,https://qihuang.vip/book-413.html,清·闵纯玺
妇幼,145,清,妇科心法要诀,https://qihuang.vip/book-512.html,清·吴谦
妇幼,145,清,幼科杂病心法要诀,https://qihuang.vip/book-517.html,清·吴谦
妇幼,145,清,痘疹心法要诀,https://qihuang.vip/book-519.html,清·吴谦
妇幼,145,清,幼科种痘心法要旨,https://qihuang.vip/book-520.html,清·吴谦
妇幼,145,清,幼科惊搐门,https://qihuang.vip/book-914.html,清·楼拥千
妇幼,145,清,麻科活人全书,https://qihuang.vip/book-414.html,清·谢玉琼
妇幼,145,清,幼幼集成,https://qihuang.vip/book-415.html,清·陈复正
妇幼,145,清,女科指要,https://qihuang.vip/book-416.html,清·徐大椿
妇幼,145,清,女科秘旨,https://qihuang.vip/book-530.html,清·轮印禅师
妇幼,145,清,女科切要,https://qihuang.vip/book-417.html,清·吴道源
妇幼,145,清,妇科玉尺,https://qihuang.vip/book-418.html,清·沈金鳌
妇幼,145,清,幼科释谜,https://qihuang.vip/book-419.html,清·沈金鳌
妇幼,145,清,顾氏医案,https://qihuang.vip/book-982.html,清·顾文垣
妇幼,145,清,妇科冰鉴,https://qihuang.vip/book-869.html,清·柴得华
妇幼,145,清,婴儿论,https://qihuang.vip/book-420.html,清·周士祢
妇幼,145,清,幼科推拿秘书,https://qihuang.vip/book-421.html,清·骆如龙
妇幼,145,清,评注产科心法,https://qihuang.vip/book-885.html,清·汪喆
妇幼,145,清,女科秘要,https://qihuang.vip/book-859.html,清·佚名
妇幼,145,清,痘疹精详,https://qihuang.vip/book-912.html,清·周甄陶
妇幼,145,清,彤园医书·妇人科,https://qihuang.vip/book-865.html,清·郑玉坛
妇幼,145,清,彤园医书·小儿科,https://qihuang.vip/book-899.html,清·郑玉坛
妇幼,145,清,胎产秘书,https://qihuang.vip/book-422.html,清·陈笏庵
妇幼,145,清,痘科辑要,https://qihuang.vip/book-913.html,清·文起
妇幼,145,清,金匮启钥·妇科,https://qihuang.vip/book-866.html,清·黄朝坊
妇幼,145,清,金匮启钥·幼科,https://qihuang.vip/book-900.html,清·黄朝坊
妇幼,145,清,新订痘疹济世真诠,https://qihuang.vip/book-909.html,清·陈宏晓
妇幼,145,清,儿科醒,https://qihuang.vip/book-532.html,清·芝屿樵客
妇幼,145,清,女科要旨,https://qihuang.vip/book-423.html,清·陈修园
妇幼,145,清,生生宝录,https://qihuang.vip/book-878.html,清·袁于江
妇幼,145,清,原瘄要论,https://qihuang.vip/book-906.html,清·袁氏
妇幼,145,清,秘珍济阴,https://qihuang.vip/book-863.html,清·周诒观
妇幼,145,清,产孕集,https://qihuang.vip/book-876.html,清·张曜孙
妇幼,145,清,重订产孕集,https://qihuang.vip/book-877.html,清·张曜孙
妇幼,145,清,济世珍宝,https://qihuang.vip/book-680.html,清·王泳
妇幼,145,清,麻疹阐注,https://qihuang.vip/book-424.html,清·张霞谿
妇幼,145,清,沈氏女科辑要,https://qihuang.vip/book-425.html,清·沈又彭
妇幼,145,清,慈幼便览,https://qihuang.vip/book-426.html,清·文晟
妇幼,145,清,麻疹备要方论,https://qihuang.vip/book-533.html,清·吴砚丞
妇幼,145,清,大医马氏小儿脉珍科,https://qihuang.vip/book-895.html,清·马氏
妇幼,145,清,幼科切要,https://qihuang.vip/book-427.html,清·王锡鑫
妇幼,145,清,鬻婴提要说,https://qihuang.vip/book-428.html,清·张振鋆
妇幼,145,清,专治麻痧初编,https://qihuang.vip/book-907.html,清·凌德
妇幼,145,清,经验麻科,https://qihuang.vip/book-908.html,清·凌德
妇幼,145,清,女科折衷纂要,https://qihuang.vip/book-429.html,清·凌德
妇幼,145,清,幼科折衷秘传真本,https://qihuang.vip/book-896.html,清·佚名
妇幼,145,清,济生集,https://qihuang.vip/book-527.html,清·王上达
妇幼,145,清,女丹合编选注,https://qihuang.vip/book-864.html,清·贺龙骧
妇幼,145,清,痧疹辑要,https://qihuang.vip/book-430.html,清·叶霖
妇幼,145,清,妇科秘书,https://qihuang.vip/book-431.html,清·陈佳园
妇幼,145,清,妇科秘方,https://qihuang.vip/book-432.html,清·陈佳园
妇幼,145,清,妇科问答,https://qihuang.vip/book-433.html,清·陈佳园
妇幼,145,清,女科旨要,https://qihuang.vip/book-529.html,清·雪岩禅师
妇幼,145,清,盘珠集胎产症治,https://qihuang.vip/book-534.html,清·单南山
妇幼,145,清,宁坤秘笈,https://qihuang.vip/book-541.html,清·竹林寺僧
妇幼,145,清,竹林女科证治,https://qihuang.vip/book-860.html,清·方昌翰
妇幼,145,清,郑氏家传女科万金方,https://qihuang.vip/book-870.html,清·郑元良
妇幼,145,清,竹林寺女科秘方,https://qihuang.vip/book-871.html,清·竹林寺僧
妇幼,145,清,钱氏秘传产科方书名试验录,https://qihuang.vip/book-874.html,清·钱氏
妇幼,145,清,诚求集,https://qihuang.vip/book-897.html,清·朱世扬
妇幼,145,清,傅氏儿科,https://qihuang.vip/book-905.html,清·未知
妇幼,145,清,竹亭医案女科,https://qihuang.vip/book-978.html,清·孙采邻
妇幼,145,近代,费绳甫先生医案,https://qihuang.vip/book-983.html,近代·费绳甫
妇幼,145,近代,费绳甫先生女科要略,https://qihuang.vip/book-984.html,近代·费绳甫
妇幼,145,近代,儿科萃精,https://qihuang.vip/book-434.html,近代·陈守真
妇幼,145,近代,竹泉生女科集要,https://qihuang.vip/book-858.html,近代·彭逊之
妇幼,145,近代,儿科要略,https://qihuang.vip/book-435.html,近代·吴克潜
妇幼,145,近代,麻疹专论,https://qihuang.vip/book-911.html,近代·李聪甫
妇幼,145,近代,程门雪遗稿,https://qihuang.vip/book-872.html,近代·程门雪
妇幼,145,未分,幼科证治大全,https://qihuang.vip/book-902.html,日本·下津寿泉
妇幼,145,未分,产论,https://qihuang.vip/book-879.html,日本·贺川玄悦
妇幼,145,未分,产论翼,https://qihuang.vip/book-883.html,日本·贺川玄迪
妇幼,145,未分,产科发蒙,https://qihuang.vip/book-882.html,日本·片仓元周
妇幼,145,未分,家传女科经验摘奇,https://qihuang.vip/book-857.html,朝代未知·佚名
妇幼,145,未分,毓麟验方,https://qihuang.vip/book-886.html,朝代未知·佚名
妇幼,145,未分,陈氏幼科秘诀,https://qihuang.vip/book-891.html,朝代未知·陈氏
妇幼,145,未分,中国儿科医鉴,https://qihuang.vip/book-903.html,日本·大塚敬节
五官,39,唐,眼科秘诀,https://qihuang.vip/book-436.html,唐·孙思邈
五官,39,宋,走马急疳真方,https://qihuang.vip/book-437.html,南宋·滕伯祥
五官,39,宋,秘传眼科龙木论,https://qihuang.vip/book-460.html,宋元时代·葆光道人
五官,39,元,原机启微,https://qihuang.vip/book-438.html,元·倪维德
五官,39,明,口齿类要,https://qihuang.vip/book-439.html,明·薛己
五官,39,明,明目至宝,https://qihuang.vip/book-440.html,明·佚名<杨希洛、夏惟勤整理>
五官,39,明,银海精微,https://qihuang.vip/book-441.html,明·作者未知
五官,39,明,尤氏喉症指南,https://qihuang.vip/book-442.html,明·尤仲仁
五官,39,明,异授眼科,https://qihuang.vip/book-443.html,明·作者未知
五官,39,清,审视瑶函,https://qihuang.vip/book-444.html,清·傅仁宇
五官,39,清,伤寒舌鉴,https://qihuang.vip/book-445.html,清·张登
五官,39,清,尤氏喉科秘书,https://qihuang.vip/book-446.html,清·尤乘
五官,39,清,眼科阐微,https://qihuang.vip/book-447.html,清·马化龙
五官,39,清,一草亭目科全书,https://qihuang.vip/book-448.html,清·邓苑
五官,39,清,眼科心法要诀,https://qihuang.vip/book-513.html,清·吴谦
五官,39,清,喉科指掌,https://qihuang.vip/book-449.html,清·张宗良
五官,39,清,目经大成,https://qihuang.vip/book-450.html,清·黄庭镜
五官,39,清,金匮启钥·眼科,https://qihuang.vip/book-947.html,清·黄朝坊
五官,39,清,银海指南,https://qihuang.vip/book-451.html,清·顾锡
五官,39,清,咽喉脉证通论,https://qihuang.vip/book-949.html,清·许梿
五官,39,清,重楼玉钥,https://qihuang.vip/book-452.html,清·郑宏纲
五官,39,清,重楼玉钥续编,https://qihuang.vip/book-453.html,清·郑承翰
五官,39,清,咽喉秘集,https://qihuang.vip/book-948.html,清·张宋良
五官,39,清,焦氏喉科枕秘,https://qihuang.vip/book-454.html,清·金德鉴
五官,39,清,喉舌备要秘旨,https://qihuang.vip/book-455.html,清·作者未知
五官,39,清,白喉捷要合编,https://qihuang.vip/book-950.html,清·黄炳乾
五官,39,清,喉科大成,https://qihuang.vip/book-952.html,清·马渭龄
五官,39,清,白喉全生集,https://qihuang.vip/book-456.html,清·李纪方
五官,39,清,白喉条辨,https://qihuang.vip/book-457.html,清·陈葆善
五官,39,清,白喉辨证,https://qihuang.vip/book-951.html,清·王裕庆
五官,39,清,集喉证诸方,https://qihuang.vip/book-954.html,清·黄惺溪
五官,39,清,喉科集腋,https://qihuang.vip/book-458.html,清·沈青芝
五官,39,清,喉科心法,https://qihuang.vip/book-955.html,清·沈善谦
五官,39,清,包氏喉证家宝,https://qihuang.vip/book-459.html,清·包三述
五官,39,清,喉科金钥全书,https://qihuang.vip/book-953.html,清·袁仁贤
五官,39,近代,喉科家训,https://qihuang.vip/book-777.html,近代·刁步忠
五官,39,近代,喉科秘诀,https://qihuang.vip/book-461.html,近代·破头黄真人
五官,39,近代,重订囊秘喉书,https://qihuang.vip/book-462.html,近代·杨龙九
五官,39,未分,眼科锦囊,https://qihuang.vip/book-946.html,日本·庄俊笃
伤科,70,唐,仙授理伤续断秘方,https://qihuang.vip/book-463.html,唐·蔺道人
伤科,70,宋,集验背疽方,https://qihuang.vip/book-464.html,南宋·李迅
伤科,70,宋,外科精要,https://qihuang.vip/book-465.html,南宋·陈自明
伤科,70,元,阴证略例,https://qihuang.vip/book-466.html,元·王好古
伤科,70,元,外科精义,https://qihuang.vip/book-467.html,元·齐德之
伤科,70,明,金疮秘传禁方,https://qihuang.vip/book-940.html,明·刘伯温
伤科,70,明,外科集验方,https://qihuang.vip/book-468.html,明·赵宜真
伤科,70,明,仙传外科集验方,https://qihuang.vip/book-469.html,明·杨清叟
伤科,70,明,秘传外科方,https://qihuang.vip/book-921.html,明·赵宜真
伤科,70,明,秘传刘伯温家藏接骨金疮禁方,https://qihuang.vip/book-938.html,明·佚名
伤科,70,明,痈疽神秘验方,https://qihuang.vip/book-934.html,明·陶华
伤科,70,明,跌损妙方,https://qihuang.vip/book-470.html,明·异远真人
伤科,70,明,立斋外科发挥,https://qihuang.vip/book-471.html,明·薛己
伤科,70,明,外科心法,https://qihuang.vip/book-924.html,明·薛己
伤科,70,明,正体类要,https://qihuang.vip/book-472.html,明·薛己
伤科,70,明,外科理例,https://qihuang.vip/book-473.html,明·汪机
伤科,70,明,解围元薮,https://qihuang.vip/book-474.html,明·沈之问
伤科,70,明,疠疡机要,https://qihuang.vip/book-475.html,明·薛己
伤科,70,明,外科枢要,https://qihuang.vip/book-476.html,明·薛己
伤科,70,明,万氏秘传外科心法,https://qihuang.vip/book-477.html,明·万密斋
伤科,70,明,证治准绳·疡医,https://qihuang.vip/book-478.html,明·王肯堂
伤科,70,明,外科启玄,https://qihuang.vip/book-479.html,明·申斗垣
伤科,70,明,外科正宗,https://qihuang.vip/book-480.html,明·陈实功
伤科,70,明,红炉点雪,https://qihuang.vip/book-481.html,明·龚居中
伤科,70,明,慎柔五书,https://qihuang.vip/book-482.html,明·胡慎柔
伤科,70,明,接骨手法,https://qihuang.vip/book-939.html,明·佚名
伤科,70,明,理虚元鉴,https://qihuang.vip/book-483.html,明·汪绮石
伤科,70,清,外科大成,https://qihuang.vip/book-484.html,清·祁坤
伤科,70,清,青囊秘诀,https://qihuang.vip/book-485.html,清·傅山
伤科,70,清,傅青主男科重编考释,https://qihuang.vip/book-486.html,清·傅山
伤科,70,清,洞天奥旨,https://qihuang.vip/book-928.html,清·陈士铎
伤科,70,清,外科十法,https://qihuang.vip/book-487.html,清·程钟龄
伤科,70,清,外科证治全生集,https://qihuang.vip/book-488.html,清·王洪绪
伤科,70,清,杂病心法要诀,https://qihuang.vip/book-514.html,清·吴谦
伤科,70,清,外科心法要诀,https://qihuang.vip/book-515.html,清·吴谦
伤科,70,清,正骨心法要旨,https://qihuang.vip/book-516.html,清·吴谦
伤科,70,清,疡医大全,https://qihuang.vip/book-489.html,清·顾世澄
伤科,70,清,虚损启微,https://qihuang.vip/book-490.html,清·洪缉庵
伤科,70,清,外科选要,https://qihuang.vip/book-491.html,清·唐黉
伤科,70,清,彤园医书·外科,https://qihuang.vip/book-927.html,清·郑玉坛
伤科,70,清,疡科心得集,https://qihuang.vip/book-492.html,清·高秉钧
伤科,70,清,伤科补要,https://qihuang.vip/book-493.html,清·钱秀昌
伤科,70,清,伤科汇纂,https://qihuang.vip/book-494.html,清·胡廷光
伤科,70,清,新刻图形枕藏外科,https://qihuang.vip/book-930.html,清·佚名
伤科,70,清,外科证治全书,https://qihuang.vip/book-495.html,清·毕法、许克昌
伤科,70,清,疡科捷径,https://qihuang.vip/book-931.html,清·时世瑞
伤科,70,清,伤科方书,https://qihuang.vip/book-496.html,清·江考卿
伤科,70,清,发背对口治诀论,https://qihuang.vip/book-932.html,清·谢应材
伤科,70,清,纯懿庐集·疮疡,https://qihuang.vip/book-935.html,清·邹汉璜
伤科,70,清,救伤秘旨,https://qihuang.vip/book-497.html,清·赵廷海
伤科,70,清,跌打损伤回生集,https://qihuang.vip/book-498.html,清·胡青昆
伤科,70,清,外科证治秘要,https://qihuang.vip/book-923.html,清·王旭高
伤科,70,清,外科医镜,https://qihuang.vip/book-922.html,清·张贞庵
伤科,70,清,青囊全集秘旨,https://qihuang.vip/book-925.html,清·黄廷爵
伤科,70,清,伤科大成,https://qihuang.vip/book-499.html,清·赵濂
伤科,70,清,外科传薪集,https://qihuang.vip/book-500.html,清·马培之
伤科,70,清,外科方外奇方,https://qihuang.vip/book-501.html,清·凌奂
伤科,70,清,外科备要,https://qihuang.vip/book-926.html,清·易凤翥
伤科,70,清,疬科全书,https://qihuang.vip/book-933.html,清·梁希曾
伤科,70,清,跌打秘方,https://qihuang.vip/book-502.html,清·江昱
伤科,70,清,外科学讲义,https://qihuang.vip/book-799.html,清·刘恒瑞
伤科,70,清,跌打损伤方,https://qihuang.vip/book-944.html,清·杨成博
伤科,70,近代,疡科纲要,https://qihuang.vip/book-504.html,近代·张寿颐
伤科,70,近代,外科十三方考,https://qihuang.vip/book-505.html,近代·张觉人
伤科,70,未分,疝瘕积聚编,https://qihuang.vip/book-937.html,日本·大桥尚因
伤科,70,未分,霉疠新书,https://qihuang.vip/book-936.html,日本·片仓元周
伤科,70,未分,中国接骨图说,https://qihuang.vip/book-945.html,日本·二宫献
伤科,70,未分,杂病广要,https://qihuang.vip/book-503.html,日本·丹波元坚
伤科,70,未分,少林真传伤科秘方,https://qihuang.vip/book-942.html,朝代未知·佚名
伤科,70,未分,金疮跌打接骨药性秘书,https://qihuang.vip/book-943.html,朝代未知·佚名
